"Skinny Puppy","Musician","Unknown"
"Front Line Assembly","Musician","Unknown"
"Velvet Acid Christ","Musician","Unknown"
"Electric Hellfire Club, The","Musician","Unknown"
"Xorcist","Musician","Unknown"
"My Life with the Thrill Kill Kult","Musician","Unknown"
"Divine Misfire","Musician","Unknown"
"Wumpscut","Musician","Unknown"
"Meat Beat Manifesto","Musician","Unknown"
"Mortician","Musician","Unknown"
"Ministry","Musician","Unknown"
"Horn, Ernst","Musician","Unknown"
"Pop Will Eat Itself","Musician","Unknown"
"Haujobb","Musician","Unknown"
"White Zombie","Musician","Unknown"
"Negativland","Musician","Unknown"
"Ice Cube","Musician","Unknown"
"Mentallo & The Fixer","Musician","Unknown"
"Leaether Strip","Musician","Unknown"
"Front 242","Musician","Unknown"
"Circle of Dust","Musician","Unknown"
"Orb, The","Musician","Unknown"
"Marilyn Manson","Musician","Unknown"
"Impetigo","Musician","Unknown"
"VNV Nation","Musician","Unknown"
"Cat Rapes Dog","Musician","Unknown"
"Colourbox","Musician","Unknown"
"Noise Unit","Musician","Unknown"
"Doubting Thomas","Musician","Unknown"
"Psychic TV","Musician","Unknown"
"Implant","Musician","Unknown"
"Engorged","Musician","Unknown"
"Big Audio Dynamite","Musician","Unknown"
"KMFDM","Musician","Unknown"
"Kode IV","Musician","Unknown"
"Swamp Terrorists","Musician","Unknown"
"Void Construct","Musician","Unknown"
"Japanese Car Crash","Musician","Unknown"
"Intermix","Musician","Unknown"
"Blood Duster","Musician","Unknown"
"Croc Shop","Musician","Unknown"
"Laibach","Musician","Unknown"
"Killing Floor","Musician","Unknown"
"Public Enemy","Musician","Unknown"
"Vitro","Musician","Unknown"
"Snog","Musician","Unknown"
"Man... or Astro-Man?","Musician","Unknown"
"Hoodlum Priest","Musician","Unknown"
"Therapy?","Musician","Unknown"
"Feindflug","Musician","Unknown"
"Revolting Cocks","Musician","Unknown"
"Crackhead","Musician","Unknown"
"Covenant","Musician","Unknown"
"Emergency Broadcast Network","Musician","Unknown"
"Terror Against Terror","Musician","Unknown"
"din_fiv","Musician","Unknown"
"Watchmen","Musician","Unknown"
"ClockDVA","Musician","Unknown"
"Manufacture","Musician","Unknown"
"Aslan Faction","Musician","Unknown"
"Delerium","Musician","Unknown"
"Orbital","Musician","Unknown"
"Accessory","Musician","Unknown"
"Messiah","Musician","Unknown"
"Darling Kandie","Musician","Unknown"
"Astral Projection","Musician","Unknown"
"Rob Zombie","Musician","Unknown"
"U.N.K.L.E.","Musician","Unknown"
"Millennium of the Phantom Vixens","Musician","Unknown"
"Apoptygma Berzerk","Musician","Unknown"
"Assemblage 23","Musician","Unknown"
"Psychopomps","Musician","Unknown"
"DJ Luna-C","Musician","Unknown"
"Double Dee & Steinski","Musician","Unknown"
"Null Device","Musician","Unknown"
"Arzt+Pfusch","Musician","Unknown"
"OMD","Musician","Unknown"
"Future Sound of London","Musician","Unknown"
"Information Society","Musician","Unknown"
"Out of Band Experience","Musician","Unknown"
"Alien Faktor","Musician","Unknown"
"Radioactive Goldfish","Musician","Unknown"
"3rd Bass","Musician","Unknown"
"Cultivated Bimbo","Musician","Unknown"
"Manhole Vortex","Musician","Unknown"
"Steril","Musician","Unknown"
"Reversal Penetrations","Musician","Unknown"
"BiGod 20","Musician","Unknown"
"Crowforce","Musician","Unknown"
"Juno Reactor","Musician","Unknown"
"Necrophagia","Musician","Unknown"
"Grendel","Musician","Unknown"
"Decoded Feedback","Musician","Unknown"
"Nine Inch Nails","Musician","Unknown"
"Think Tank","Musician","Unknown"
"LeBlanc, Keith","Musician","Unknown"
"Siechtum","Musician","Unknown"
"2 Pac","Musician","Unknown"
"Tactical Sekt","Musician","Unknown"
"Saint Etienne","Musician","Unknown"
"Dual-Conscience","Musician","Unknown"
"Coil","Musician","Unknown"
"Malhavoc","Musician","Unknown"
"Smart E's","Musician","Unknown"
"Beastie Boys","Musician","Unknown"
"Jedi Mind Tricks","Musician","Unknown"
"Biosphere","Musician","Unknown"
"Cabaret Voltaire","Musician","Unknown"
"Split Second, A","Musician","Unknown"
"Steinski & Mass Media","Musician","Unknown"
"Carter USM","Musician","Unknown"
"T.H.D.","Musician","Unknown"
"X Marks The Pedwalk","Musician","Unknown"
"Pierrepoint","Musician","Unknown"
"Under Midnight","Musician","Unknown"
"Electric Wizard","Musician","Unknown"
"Pouppee Fabrikk","Musician","Unknown"
"Mortal","Musician","Unknown"
"Red Sparrow","Musician","Unknown"
"Geto Boys","Musician","Unknown"
"Bomb The Bass","Musician","Unknown"
"Genetic Terrorists","Musician","Unknown"
"Contagion","Musician","Unknown"
"Finitribe","Musician","Unknown"
"Banco de Gaia","Musician","Unknown"
"Avery, Brendan","Musician","Unknown"
"Death In June","Musician","Unknown"
"P.A.L","Musician","Unknown"
"New Mind","Musician","Unknown"
"Ship of Fools","Musician","Unknown"
"Stunt Rock","Musician","Unknown"
"Blood Freak","Musician","Unknown"
"Saturn 9","Musician","Unknown"
"Lord Gore","Musician","Unknown"
"Oomph!","Musician","Unknown"
"Speed Freak, The","Musician","Unknown"
"Argyle Park","Musician","Unknown"
"Eon","Musician","Unknown"
"Tumor","Musician","Unknown"
"Tetsuo Chema","Musician","Unknown"
"Vangelis","Musician","Unknown"
"Fear Factory","Musician","Unknown"
"Gang Starr","Musician","Unknown"
"Dismantled","Musician","Unknown"
"Melek-Tha","Musician","Unknown"
"Sigue Sigue Sputnik","Musician","Unknown"
"Koto","Musician","Unknown"
"Mr Bungle","Musician","Unknown"
"Imperative Reaction","Musician","Unknown"
"Terminal Choice","Musician","Unknown"
"Alien Project","Musician","Unknown"
"Brainchild","Musician","Unknown"
"Supertramp","Musician","Unknown"
"Cyberaktif","Musician","Unknown"
"Namlook, Pete","Musician","Unknown"
"Alpha Team, The","Musician","Unknown"
"Frightmare","Musician","Unknown"
"CombiChrist","Musician","Unknown"
"Index","Musician","Unknown"
"Pink Floyd","Musician","Unknown"
"Final Cut, The","Musician","Unknown"
"Mark Stewart + Maffia","Musician","Unknown"
"Consolidated","Musician","Unknown"
"Hive","Musician","Unknown"
"Pigface","Musician","Unknown"
"Download","Musician","Unknown"
"Rush","Musician","Unknown"
"Babyland","Musician","Unknown"
"Birmingham 6","Musician","Unknown"
"Creaming Jesus","Musician","Unknown"
"GGFH","Musician","Unknown"
"JP 69","Musician","Unknown"
"Non","Musician","Unknown"
"Single Gun Theory","Musician","Unknown"
"Skrew","Musician","Unknown"
"Stromkern","Musician","Unknown"
"Kill Switch...Klick","Musician","Unknown"
"Limbomaniacs","Musician","Unknown"
"Lucky People Center","Musician","Unknown"
"SITD","Musician","Unknown"
"Venetian Snares","Musician","Unknown"
"Time Modem","Musician","Unknown"
"Hybryds","Musician","Unknown"
"Queen","Musician","Unknown"
"Aborted","Musician","Unknown"
"Cypress Hill","Musician","Unknown"
"Electro Assassin","Musician","Unknown"
"Gorelord","Musician","Unknown"
"Meat Shits","Musician","Unknown"
"Shamen, The","Musician","Unknown"
"Battery","Musician","Unknown"
"Cenobita","Musician","Unknown"
"De La Soul","Musician","Unknown"
"Inside Treatment","Musician","Unknown"
"O.K.","Musician","Unknown"
"KiEw","Musician","Unknown"
"New Order","Musician","Unknown"
"DJ Paul Elstak","Musician","Unknown"
"Slipknot","Musician","Unknown"
"Static Engine","Musician","Unknown"
"Flesh Field","Musician","Unknown"
"Severed Heads","Musician","Unknown"
"SMP","Musician","Unknown"
"Spahn Ranch","Musician","Unknown"
"Blind Vision","Musician","Unknown"
"Electronic Dream Factory","Musician","Unknown"
"Klinik","Musician","Unknown"
"Voice of Destruction","Musician","Unknown"
"Boogie Down Productions","Musician","Unknown"
"KLF, The","Musician","Unknown"
"Paris","Musician","Unknown"
"Pressurehed","Musician","Unknown"
"Primus","Musician","Unknown"
"1.8.7","Musician","Unknown"
"Infected Mushroom","Musician","Unknown"
"DJ Shadow","Musician","Unknown"
"Forma Tadre","Musician","Unknown"
"James Ray's Gangwar","Musician","Unknown"
"Killwhitneydead","Musician","Unknown"
"This Morn' Omina","Musician","Unknown"
"Greater than One","Musician","Unknown"
"Solitary Experiments","Musician","Unknown"
"Holy Noise","Musician","Unknown"
"Batz Without Flesh","Musician","Unknown"
"Eric B and Rakim","Musician","Unknown"
"Kurtis Blow","Musician","Unknown"
"Noisex","Musician","Unknown"
"Pitch Shifter","Musician","Unknown"
"Wu-Tang Clan","Musician","Unknown"
"Agonoize","Musician","Unknown"
"Coptic Rain","Musician","Unknown"
"Gorillaz","Musician","Unknown"
"Jeru the Damaja","Musician","Unknown"
"Ruthless Rap Assassins","Musician","Unknown"
"Skatenigs","Musician","Unknown"
"Ultramagnetic M.C.'s","Musician","Unknown"
"People Like Us","Musician","Unknown"
"Entombed","Musician","Unknown"
"Expect","Musician","Unknown"
"Chemlab","Musician","Unknown"
"Acumen Nation","Musician","Unknown"
"Alien Sex Fiend","Musician","Unknown"
"Crystal Method, The","Musician","Unknown"
"Def Leppard","Musician","Unknown"
"DJ Tron","Musician","Unknown"
"Primal Scream","Musician","Unknown"
"Raekwon","Musician","Unknown"
"Run Level Zero","Musician","Unknown"
"Flytronix","Musician","Unknown"
"Rufige Kru","Musician","Unknown"
"Schreck, Marita","Musician","Unknown"
"Warzau, Die","Musician","Unknown"
"Art of Noise, The","Musician","Unknown"
"Hardcastle, Paul","Musician","Unknown"
"2 Live Crew","Musician","Unknown"
"Amgod","Musician","Unknown"
"D.H.S.","Musician","Unknown"
"Depeche Mode","Musician","Unknown"
"DJ Quicksilver","Musician","Unknown"
"Dom & Roland","Musician","Unknown"
"God Module","Musician","Unknown"
"Gruesome Twosome","Musician","Unknown"
"Hanzel und Gretyl","Musician","Unknown"
"Infrarave","Musician","Unknown"
"Legendary Pink Dots","Musician","Unknown"
"Pow[d]er Pussy","Musician","Unknown"
"Amon Tobin","Musician","Unknown"
"In Absentia","Musician","Unknown"
"Lustmord","Musician","Unknown"
"Tear Garden, The","Musician","Unknown"
"Terminal Sect","Musician","Unknown"
"Barbarella","Musician","Unknown"
"Brume","Musician","Unknown"
"Internal Error","Musician","Unknown"
"Utah Saints","Musician","Unknown"
"WMTID","Musician","Unknown"
"Bio-Tek","Musician","Unknown"
"Delta 9","Musician","Unknown"
"Deutsch Nepal","Musician","Unknown"
"Hocico","Musician","Unknown"
"In Strict Confidence","Musician","Unknown"
"Lights of Euphoria","Musician","Unknown"
"Mimetic","Musician","Unknown"
"Panzer AG","Musician","Unknown"
"Reload","Musician","Unknown"
"Sequential","Musician","Unknown"
"Suicide Commando","Musician","Unknown"
"Three Times Dope","Musician","Unknown"
"Tool","Musician","Unknown"
"Zero Defects","Musician","Unknown"
"Fixated","Musician","Unknown"
"Lemon Jelly","Musician","Unknown"
"Afro's, The","Musician","Unknown"
"Anthrax","Musician","Unknown"
"Aphex Twin","Musician","Unknown"
"Blood Axis","Musician","Unknown"
"Cleen","Musician","Unknown"
"DJ Jazzy Jeff & The Fresh Prince","Musician","Unknown"
"Doormouse","Musician","Unknown"
"EMF","Musician","Unknown"
"Key, cEvin","Musician","Unknown"
"King of Slack","Musician","Unknown"
"Krupps, Die","Musician","Unknown"
"Living Colour","Musician","Unknown"
"Lords of Acid","Musician","Unknown"
"Object","Musician","Unknown"
"Pet Shop Boys","Musician","Unknown"
"Tech Itch","Musician","Unknown"
"Aphrodite","Musician","Unknown"
"C-Drone-Defect","Musician","Unknown"
"Numan, Gary","Musician","Unknown"
"Smothered Hope","Musician","Unknown"
"Martyr Colony","Musician","Unknown"
"Mikulic, Boris","Musician","Unknown"
"Negru Voda","Musician","Unknown"
"808 State","Musician","Unknown"
"Azoic, The","Musician","Unknown"
"Caustic Window","Musician","Unknown"
"Deathline International","Musician","Unknown"
"Dream Theater","Musician","Unknown"
"Fields Of The Nephilim","Musician","Unknown"
"Galan Pixs, The","Musician","Unknown"
"Hawkwind","Musician","Unknown"
"Informatik","Musician","Unknown"
"Kayseri","Musician","Unknown"
"Manufactura","Musician","Unknown"
"Marduk","Musician","Unknown"
"Masta Ace Incorporated","Musician","Unknown"
"New Kingdom","Musician","Unknown"
"Numb","Musician","Unknown"
"Pleasure Game","Musician","Unknown"
"Porcupine Tree","Musician","Unknown"
"Prodigy","Musician","Unknown"
"S'Express","Musician","Unknown"
"S.P.O.C.K.","Musician","Unknown"
"Shiverhead","Musician","Unknown"
"Skinless","Musician","Unknown"
"Soulstorm","Musician","Unknown"
"Bolland, C.J.","Musician","Unknown"
"Extince","Musician","Unknown"
"Fantastischen Vier, Die","Musician","Unknown"
"Haig, Paul","Musician","Unknown"
"New Scene","Musician","Unknown"
"Sielwolf","Musician","Unknown"
"Sonic Subjunkies","Musician","Unknown"
"Yankovic, Weird Al","Musician","Unknown"
"Complex","Musician","Unknown"
"Godflesh","Musician","Unknown"
"JAMs, The","Musician","Unknown"
"Prophet, The","Musician","Unknown"
"T.I.S.M.","Musician","Unknown"
"Undertaker, The","Musician","Unknown"
"Alcove","Musician","Unknown"
"Digable Planets","Musician","Unknown"
"Hate Dept.","Musician","Unknown"
"I, Parasite","Musician","Unknown"
"Immortal Technique","Musician","Unknown"
"Peace, Love and Pitbulls","Musician","Unknown"
"PMD","Musician","Unknown"
"Praga Khan","Musician","Unknown"
"Terrorfakt","Musician","Unknown"
"Test Department","Musician","Unknown"
"Blue System","Musician","Unknown"
"Frequency Surfer","Musician","Unknown"
"Mac Sample","Musician","Unknown"
"Sub Nation","Musician","Unknown"
"yelworC","Musician","Unknown"
"Armageddon Dildos","Musician","Unknown"
"Atari Teenage Riot","Musician","Unknown"
"Blanka","Musician","Unknown"
"Cassandra Complex","Musician","Unknown"
"Chubb Rock","Musician","Unknown"
"Compton's Most Wanted","Musician","Unknown"
"Def Jef","Musician","Unknown"
"Dino Psaras","Musician","Unknown"
"Egma","Musician","Unknown"
"Evil's Toy","Musician","Unknown"
"Hallucinogen","Musician","Unknown"
"Heavy Water Factory","Musician","Unknown"
"Interface","Musician","Unknown"
"Neuroticfish","Musician","Unknown"
"Prayer Tower","Musician","Unknown"
"Ram Trilogy","Musician","Unknown"
"Retrosic, The","Musician","Unknown"
"Soman","Musician","Unknown"
"Spit","Musician","Unknown"
"Terminal Power Company","Musician","Unknown"
"Thomas E.","Musician","Unknown"
"Ticket to Wonderland","Musician","Unknown"
"Bass Inc.","Musician","Unknown"
"Code","Musician","Unknown"
"Death Ride 69","Musician","Unknown"
"Omala","Musician","Unknown"
"Overflash","Musician","Unknown"
"Biz Markie","Musician","Unknown"
"Boole","Musician","Unknown"
"Clail, Gary","Musician","Unknown"
"Converter - Asche - Morgenstern","Musician","Unknown"
"Current 93","Musician","Unknown"
"Dance or Die","Musician","Unknown"
"Deicide","Musician","Unknown"
"Dr. Octagon","Musician","Unknown"
"Erasure","Musician","Unknown"
"Foetus","Musician","Unknown"
"Fun Lovin' Criminals","Musician","Unknown"
"Fury in the Slaughterhouse","Musician","Unknown"
"Hilt","Musician","Unknown"
"Hyperdex-1-Sect","Musician","Unknown"
"Jungle Brothers","Musician","Unknown"
"Jungle House Crew","Musician","Unknown"
"Kubusschnitt","Musician","Unknown"
"Loop","Musician","Unknown"
"Love Interest","Musician","Unknown"
"Man with No Name","Musician","Unknown"
"Mindware","Musician","Unknown"
"O'Connor, Sinead","Musician","Unknown"
"Origin Unknown","Musician","Unknown"
"Pantera","Musician","Unknown"
"Polygon Window","Musician","Unknown"
"Sequencial","Musician","Unknown"
"United Future Organization","Musician","Unknown"
"Von Thronstahl","Musician","Unknown"
"Waters, Roger","Musician","Unknown"
"Davantage","Musician","Unknown"
"Deep Thought","Musician","Unknown"
"Grid, The","Musician","Unknown"
"High Energy","Musician","Unknown"
"M.T.","Musician","Unknown"
"Mega City 2","Musician","Unknown"
"Moodswings","Musician","Unknown"
"Negro Sex","Musician","Unknown"
"Neuromancer","Musician","Unknown"
"Nostromo Dept.","Musician","Unknown"
"Overlords, The","Musician","Unknown"
"Real Roxanne, The","Musician","Unknown"
"Rotterdam Remix Project","Musician","Unknown"
"Santana, Omar","Musician","Unknown"
"Silver Bullet","Musician","Unknown"
"Somebody From Rotterdam","Musician","Unknown"
"THX","Musician","Unknown"
"Vein Cage","Musician","Unknown"
"2 Unlimited","Musician","Unknown"
"Absent Minded","Musician","Unknown"
"Apollo 440","Musician","Unknown"
"Bassomatic","Musician","Unknown"
"Berzerker, The","Musician","Unknown"
"Boards of Canada","Musician","Unknown"
"Boyd Rice and Fiends","Musician","Unknown"
"Brutal Truth","Musician","Unknown"
"Buckethead","Musician","Unknown"
"Cannibal Ox","Musician","Unknown"
"Captain Cleanoff","Musician","Unknown"
"Children of Bodom","Musician","Unknown"
"Click Click","Musician","Unknown"
"Controlled Bleeding","Musician","Unknown"
"Cop Shoot Cop","Musician","Unknown"
"Coroner","Musician","Unknown"
"Deltron 3030","Musician","Unknown"
"Diamond D","Musician","Unknown"
"Dickies, The","Musician","Unknown"
"Digital Orgasm","Musician","Unknown"
"Disposable Heroes of Hiphoprisy","Musician","Unknown"
"Dr. Dre","Musician","Unknown"
"Duran Duran","Musician","Unknown"
"EPMD","Musician","Unknown"
"Fourth Man, The","Musician","Unknown"
"Funker Vogt","Musician","Unknown"
"Funki Porcini","Musician","Unknown"
"Genital-A-Tech","Musician","Unknown"
"Ghostface Killa","Musician","Unknown"
"Gossamer","Musician","Unknown"
"Gravediggaz","Musician","Unknown"
"Grotus","Musician","Unknown"
"Hilltop Hoods","Musician","Unknown"
"Insane Clown Posse","Musician","Unknown"
"Jean, Wyclef","Musician","Unknown"
"Jesus Jones","Musician","Unknown"
"Jurassic 5","Musician","Unknown"
"Kevorkian Death Cycle","Musician","Unknown"
"LaTour","Musician","Unknown"
"Lividity","Musician","Unknown"
"M.A.R.R.S.","Musician","Unknown"
"Manic Street Preachers","Musician","Unknown"
"Morrissey","Musician","Unknown"
"Morthound","Musician","Unknown"
"Myer","Musician","Unknown"
"N.W.A.","Musician","Unknown"
"Nautilus","Musician","Unknown"
"Nebula II","Musician","Unknown"
"Ned's Atomic Dustbin","Musician","Unknown"
"Noxious Emotion","Musician","Unknown"
"Oldfield, Mike","Musician","Unknown"
"Origin","Musician","Unknown"
"Overkill","Musician","Unknown"
"Penal Colony","Musician","Unknown"
"Pharcyde, The","Musician","Unknown"
"Photek","Musician","Unknown"
"Pink Flamingos","Musician","Unknown"
"Pluuto","Musician","Unknown"
"Positive K","Musician","Unknown"
"PT Grimm & The Dead Puppies","Musician","Unknown"
"Schnitt Acht","Musician","Unknown"
"Slick Rick","Musician","Unknown"
"Smiths, The","Musician","Unknown"
"Space Buddha","Musician","Unknown"
"Sublime","Musician","Unknown"
"Tolchock","Musician","Unknown"
"Torture Killer","Musician","Unknown"
"Tricky","Musician","Unknown"
"Wolfgang Press, The","Musician","Unknown"
"Zoviet France","Musician","Unknown"
"Chandeen","Musician","Unknown"
"Crisis N.T.I.","Musician","Unknown"
"Critters Buggin'","Musician","Unknown"
"Curse, The","Musician","Unknown"
"Defcon","Musician","Unknown"
"DJ Bountyhunter","Musician","Unknown"
"Doof","Musician","Unknown"
"Dystopia One","Musician","Unknown"
"Fires Of Ork, The","Musician","Unknown"
"GZA/Genius","Musician","Unknown"
"Judge S","Musician","Unknown"
"Mainesthai","Musician","Unknown"
"Mark Snow and P.M. Dawn","Musician","Unknown"
"Out Out","Musician","Unknown"
"Satchel","Musician","Unknown"
"Stash Krohl","Musician","Unknown"
"T-Bone & Dextrous","Musician","Unknown"
"They Might Be Giants","Musician","Unknown"
"Urban Hype","Musician","Unknown"
"Xenya","Musician","Unknown"
"Bentley Rhythm Ace","Musician","Unknown"
"Benumb","Musician","Unknown"
"Black Heaven","Musician","Unknown"
"C17H19NO3","Musician","Unknown"
"D.O.A.","Musician","Unknown"
"Dimitri from Paris","Musician","Unknown"
"DJ Hellhound","Musician","Unknown"
"Doppelganger","Musician","Unknown"
"Downtime","Musician","Unknown"
"Dust of Basement, The","Musician","Unknown"
"Ed O.G. & Da Bulldogs","Musician","Unknown"
"FM Einheit","Musician","Unknown"
"House Of Pain","Musician","Unknown"
"Leng-Tche","Musician","Unknown"
"March On","Musician","Unknown"
"Nas","Musician","Unknown"
"Near Death Experience","Musician","Unknown"
"Non-Aggression Pact","Musician","Unknown"
"Osdorp Posse","Musician","Unknown"
"Pasquez, Emilio","Musician","Unknown"
"Pornosect","Musician","Unknown"
"Prager Handgriff","Musician","Unknown"
"Puff Daddy","Musician","Unknown"
"Severe Illusion","Musician","Unknown"
"Sonic Grip","Musician","Unknown"
"Spice Girls, The","Musician","Unknown"
"System 01","Musician","Unknown"
"Tosti","Musician","Unknown"
"Tribe of Circle","Musician","Unknown"
"Trip One","Musician","Unknown"
"Vampire Rodents","Musician","Unknown"
"AAAK","Musician","Unknown"
"Abelcain","Musician","Unknown"
"American Head Charge","Musician","Unknown"
"Angels In Bondage","Musician","Unknown"
"Arrakis","Musician","Unknown"
"ATD Convention","Musician","Unknown"
"Big Punisher","Musician","Unknown"
"Celtic Frost","Musician","Unknown"
"Code 61","Musician","Unknown"
"Coil/Zos Kia","Musician","Unknown"
"Cruciform Injection","Musician","Unknown"
"Digital White Noise...","Musician","Unknown"
"DJ Ellis Dee","Musician","Unknown"
"DJ Rob","Musician","Unknown"
"El-P","Musician","Unknown"
"Excessive Force","Musician","Unknown"
"Genocide Organ","Musician","Unknown"
"Happy Mondays","Musician","Unknown"
"Heavy D & the Boyz","Musician","Unknown"
"Hobson's Choice","Musician","Unknown"
"Isis","Musician","Unknown"
"Lagwagon","Musician","Unknown"
"Lull","Musician","Unknown"
"Maschinenzimmer 412","Musician","Unknown"
"NVMPH","Musician","Unknown"
"Oasis","Musician","Unknown"
"Pants & Corset","Musician","Unknown"
"Paradise Lost","Musician","Unknown"
"Paradox","Musician","Unknown"
"Pickford, Andy","Musician","Unknown"
"Prime Minister Pete Nice and Daddy Rich","Musician","Unknown"
"React 2 Rhythm","Musician","Unknown"
"Rechenzentrum","Musician","Unknown"
"Recoil","Musician","Unknown"
"Schutze, Paul","Musician","Unknown"
"Showbiz & AG","Musician","Unknown"
"Shy FX & Gunsmoke","Musician","Unknown"
"Stetsasonic","Musician","Unknown"
"This Digital Ocean","Musician","Unknown"
"Throbbing Gristle","Musician","Unknown"
"Today is the Day","Musician","Unknown"
"Two Pieces","Musician","Unknown"
"Urban Ambience","Musician","Unknown"
"A&E Department","Musician","Unknown"
"Amazone","Musician","Unknown"
"Antiloop","Musician","Unknown"
"Babylon Zoo","Musician","Unknown"
"Beborn Beton","Musician","Unknown"
"Benestrophe","Musician","Unknown"
"Black Dahlia","Musician","Unknown"
"Blutengel","Musician","Unknown"
"Caterwaul","Musician","Unknown"
"Certain Ratio, A","Musician","Unknown"
"Chris and Cosey","Musician","Unknown"
"Clash, The","Musician","Unknown"
"Commander Tom","Musician","Unknown"
"Confetti's","Musician","Unknown"
"Crooklyn Dodgers","Musician","Unknown"
"Dan Reed Network","Musician","Unknown"
"Dano","Musician","Unknown"
"Dead Eyes Open","Musician","Unknown"
"Deconstruction","Musician","Unknown"
"Denoument","Musician","Unknown"
"Diatribe","Musician","Unknown"
"Dillinja","Musician","Unknown"
"Diverje","Musician","Unknown"
"DJ Quik","Musician","Unknown"
"DJ Scud","Musician","Unknown"
"Dresden","Musician","Unknown"
"Drome","Musician","Unknown"
"Dylan","Musician","Unknown"
"Eazy-E","Musician","Unknown"
"Electroliners","Musician","Unknown"
"Executor","Musician","Unknown"
"Genaside II","Musician","Unknown"
"Grandmaster Melle Mel & The Furious Five","Musician","Unknown"
"Hyper On Experience","Musician","Unknown"
"Igor","Musician","Unknown"
"In the Nursery","Musician","Unknown"
"Incubated Sounds","Musician","Unknown"
"Indian Rope Burn","Musician","Unknown"
"Intelligentsia","Musician","Unknown"
"Jedi Knights","Musician","Unknown"
"Jem 77","Musician","Unknown"
"jhno","Musician","Unknown"
"Ka-Spel, Edward","Musician","Unknown"
"Kid Frost","Musician","Unknown"
"Kool G Rap & DJ Polo","Musician","Unknown"
"Krieger","Musician","Unknown"
"Lawler, Paul","Musician","Unknown"
"Lazarus Effect","Musician","Unknown"
"Liquid Sex Decay","Musician","Unknown"
"Livesexact","Musician","Unknown"
"Maceo & the Macks","Musician","Unknown"
"Machines of Loving Grace","Musician","Unknown"
"Mandragora","Musician","Unknown"
"Mardi Gras Brass Band","Musician","Unknown"
"Meng Syndicate","Musician","Unknown"
"Michael White Line","Musician","Unknown"
"Michael, George","Musician","Unknown"
"Misteria","Musician","Unknown"
"Moev","Musician","Unknown"
"Morbid Savouring","Musician","Unknown"
"Morgenstern","Musician","Unknown"
"Nasa","Musician","Unknown"
"Naz A.K.A. Naz","Musician","Unknown"
"Neophyte","Musician","Unknown"
"Nightwish","Musician","Unknown"
"Odyssey 2000","Musician","Unknown"
"Out of the Ordinary","Musician","Unknown"
"Paffendorf","Musician","Unknown"
"Pascal & Sponge","Musician","Unknown"
"Phallus Dei","Musician","Unknown"
"Pneumonia","Musician","Unknown"
"PPK","Musician","Unknown"
"Preston, Joe","Musician","Unknown"
"Pride and Fall","Musician","Unknown"
"Project Pitchfork","Musician","Unknown"
"Protocol X","Musician","Unknown"
"Re_Agent","Musician","Unknown"
"Rectal Surgery","Musician","Unknown"
"Red Flag","Musician","Unknown"
"Ride","Musician","Unknown"
"Rush, Ed","Musician","Unknown"
"SA42","Musician","Unknown"
"Scarface","Musician","Unknown"
"Scat Opera","Musician","Unknown"
"Scope","Musician","Unknown"
"Sheep On Drugs","Musician","Unknown"
"Snack Attack","Musician","Unknown"
"Sol Invictus","Musician","Unknown"
"Source Code","Musician","Unknown"
"Spazz","Musician","Unknown"
"Spillsbury","Musician","Unknown"
"Stranglers","Musician","Unknown"
"Talisker Tale","Musician","Unknown"
"Tear Ceremony","Musician","Unknown"
"Tech N9ne","Musician","Unknown"
"Technoir","Musician","Unknown"
"Twiztid","Musician","Unknown"
"U2","Musician","Unknown"
"U96","Musician","Unknown"
"US3","Musician","Unknown"
"Warren G","Musician","Unknown"
"Welle Erdball","Musician","Unknown"
"What's","Musician","Unknown"
"Wishdokta","Musician","Unknown"
"X-Change","Musician","Unknown"
"Zebra-n","Musician","Unknown"
"Zerotonine","Musician","Unknown"
"+killthemanbecomethemonster+","Musician","Unknown"
"1000 Homo DJs","Musician","Unknown"
"16 Volt","Musician","Unknown"
"23 Skidoo","Musician","Unknown"
"29 Died","Musician","Unknown"
"3 Phase","Musician","Unknown"
"3rd Mind","Musician","Unknown"
"9-10 Boy","Musician","Unknown"
"A.K.A.","Musician","Unknown"
"A.R. Kane","Musician","Unknown"
"Acid Bath","Musician","Unknown"
"Acid Horse","Musician","Unknown"
"Acme","Musician","Unknown"
"Add N to X","Musician","Unknown"
"Affecto","Musician","Unknown"
"Age of Chance","Musician","Unknown"
"Agoraphobic Nosebleed","Musician","Unknown"
"aGRUMH","Musician","Unknown"
"Aiboforcen","Musician","Unknown"
"Akercocke","Musician","Unknown"
"Alabama 3","Musician","Unknown"
"Alien Faktor w/ Pain Station","Musician","Unknown"
"Almighty El Cee, The","Musician","Unknown"
"Amorphous Androgynous","Musician","Unknown"
"And Christ Wept","Musician","Unknown"
"And One","Musician","Unknown"
"Andraculoid","Musician","Unknown"
"Android Lust","Musician","Unknown"
"Anenzephalia","Musician","Unknown"
"Angel Zero","Musician","Unknown"
"Anti Group, The","Musician","Unknown"
"Antigen Shift","Musician","Unknown"
"Arcana","Musician","Unknown"
"Architect","Musician","Unknown"
"Astral Project","Musician","Unknown"
"Ataris","Musician","Unknown"
"Atmosphere","Musician","Unknown"
"B-sides","Musician","Unknown"
"Bassid","Musician","Unknown"
"Beck","Musician","Unknown"
"Beefcake","Musician","Unknown"
"Believer","Musician","Unknown"
"Big Daddy Kane","Musician","Unknown"
"Biohazard","Musician","Unknown"
"Blankmove","Musician","Unknown"
"Bloodhound Gang, The","Musician","Unknown"
"Bloody Fist","Musician","Unknown"
"Bomb Everything","Musician","Unknown"
"Bombardier","Musician","Unknown"
"Bongwater","Musician","Unknown"
"Bonzo Goes To Washington","Musician","Unknown"
"Book Of Love","Musician","Unknown"
"Books","Musician","Unknown"
"Boss","Musician","Unknown"
"Bowling Green, The","Musician","Unknown"
"Bozo Porno Circus","Musician","Unknown"
"Brand Nubian","Musician","Unknown"
"BS2000","Musician","Unknown"
"Bush, Kate","Musician","Unknown"
"C/A/T","Musician","Unknown"
"Cage","Musician","Unknown"
"Callisto","Musician","Unknown"
"Cannibal Corpse","Musician","Unknown"
"Capone-N-Noreaga","Musician","Unknown"
"Carnivore","Musician","Unknown"
"Caspar Pound","Musician","Unknown"
"Casseopaya","Musician","Unknown"
"Catasexual Urge Motivation","Musician","Unknown"
"Cathedral","Musician","Unknown"
"Cazazza, Monte","Musician","Unknown"
"Ceasefire","Musician","Unknown"
"Cellblock X","Musician","Unknown"
"Cephalic Carnage","Musician","Unknown"
"Chaingun Operate","Musician","Unknown"
"Chakk","Musician","Unknown"
"Chameleon","Musician","Unknown"
"Charlatans, The","Musician","Unknown"
"Christian Death","Musician","Unknown"
"Chuck D","Musician","Unknown"
"Chumbawamba","Musician","Unknown"
"Church of Raism","Musician","Unknown"
"Clark, Anne","Musician","Unknown"
"Cobra Strike","Musician","Unknown"
"Code of Ethics","Musician","Unknown"
"Collide","Musician","Unknown"
"Coma Lilies, The","Musician","Unknown"
"Concrete Blonde","Musician","Unknown"
"Concrete Nature","Musician","Unknown"
"Contingence","Musician","Unknown"
"Converter","Musician","Unknown"
"Coolio","Musician","Unknown"
"Coup, The","Musician","Unknown"
"Cradle of Filth","Musician","Unknown"
"Crimson Glory","Musician","Unknown"
"Crush","Musician","Unknown"
"Cryptopsy","Musician","Unknown"
"Cujo","Musician","Unknown"
"Culture Beat","Musician","Unknown"
"Cyber-Tec","Musician","Unknown"
"D-Nice","Musician","Unknown"
"D.O.C., The","Musician","Unknown"
"Da Lench Mob","Musician","Unknown"
"Dagda Mor","Musician","Unknown"
"Dark Funeral","Musician","Unknown"
"Dark Illumination","Musician","Unknown"
"Das EFX","Musician","Unknown"
"Death in Vegas","Musician","Unknown"
"Deist Requeim","Musician","Unknown"
"Delien","Musician","Unknown"
"Dementia Simplex","Musician","Unknown"
"Dernière Volonté","Musician","Unknown"
"Diabolis Rising","Musician","Unknown"
"Dismember","Musician","Unknown"
"Disrupt","Musician","Unknown"
"DJ Flash","Musician","Unknown"
"DJ Gizmo","Musician","Unknown"
"DJ Hype","Musician","Unknown"
"DJ Icey","Musician","Unknown"
"DJ Jazzy Jeff","Musician","Unknown"
"DJ Kool","Musician","Unknown"
"DJ Misjah","Musician","Unknown"
"DJ Skinhead","Musician","Unknown"
"DJ Sneak","Musician","Unknown"
"DJ Vortex","Musician","Unknown"
"DJ Weirdo & Guitar Rob","Musician","Unknown"
"DJ Z-Trip","Musician","Unknown"
"Dominion","Musician","Unknown"
"Doran","Musician","Unknown"
"Dulce Liquido","Musician","Unknown"
"Durutti Column","Musician","Unknown"
"Dying Fetus","Musician","Unknown"
"E-De Cologne","Musician","Unknown"
"E.C.M.","Musician","Unknown"
"Effective Force","Musician","Unknown"
"El Stew","Musician","Unknown"
"Electrotete","Musician","Unknown"
"Eligh","Musician","Unknown"
"Emphasis","Musician","Unknown"
"Empire, Alec","Musician","Unknown"
"Endorphin","Musician","Unknown"
"Ent.T","Musician","Unknown"
"EOAD","Musician","Unknown"
"Esthero","Musician","Unknown"
"Exploited, The","Musician","Unknown"
"Explosions In The Sky","Musician","Unknown"
"Faithless","Musician","Unknown"
"Fat Joe","Musician","Unknown"
"Fatboy Slim","Musician","Unknown"
"FCS North","Musician","Unknown"
"Fektion Fekler","Musician","Unknown"
"Fetish 69","Musician","Unknown"
"Fier, Anton","Musician","Unknown"
"Filta","Musician","Unknown"
"First Contact","Musician","Unknown"
"Fornicator","Musician","Unknown"
"Fortran 5","Musician","Unknown"
"Freestylers","Musician","Unknown"
"From Autumn To Ashes","Musician","Unknown"
"Fuck...I'm Dead","Musician","Unknown"
"Fudge Tunnel","Musician","Unknown"
"Fudgie & Fufu","Musician","Unknown"
"Funtopia","Musician","Unknown"
"Future Forces Inc","Musician","Unknown"
"Future Primitive","Musician","Unknown"
"Ganja Kru","Musician","Unknown"
"Genitorturers","Musician","Unknown"
"Godheads","Musician","Unknown"
"Goldie","Musician","Unknown"
"Goodie Mob","Musician","Unknown"
"Goteki","Musician","Unknown"
"Grandmaster Flash","Musician","Unknown"
"Green Day","Musician","Unknown"
"Gridlock","Musician","Unknown"
"Groinchurn","Musician","Unknown"
"Growling Mad Scientists","Musician","Unknown"
"Guns n' Roses","Musician","Unknown"
"Gut","Musician","Unknown"
"H","Musician","Unknown"
"H.I.V.+","Musician","Unknown"
"H_M_B","Musician","Unknown"
"Hardgore","Musician","Unknown"
"Hardsequencer","Musician","Unknown"
"Harris, Simon","Musician","Unknown"
"Haslinger","Musician","Unknown"
"Havoc","Musician","Unknown"
"Hellacopters, The","Musician","Unknown"
"His Name Is Alive","Musician","Unknown"
"Hocus Pocus","Musician","Unknown"
"Holy Gang","Musician","Unknown"
"Homeboy, A Hippie & A Funki Dredd, A","Musician","Unknown"
"Human League","Musician","Unknown"
"Hutch, Willie","Musician","Unknown"
"Hypnotist, The","Musician","Unknown"
"I've Sound","Musician","Unknown"
"Ikeda, Ryoji","Musician","Unknown"
"ILT","Musician","Unknown"
"Imminent Starvation","Musician","Unknown"
"Impaled","Musician","Unknown"
"Impaled Nazarene","Musician","Unknown"
"In Slaughter Natives","Musician","Unknown"
"Infrastructure","Musician","Unknown"
"Injury","Musician","Unknown"
"Insekt","Musician","Unknown"
"Insight 23","Musician","Unknown"
"Iron Maiden","Musician","Unknown"
"Isotonik","Musician","Unknown"
"Iszoloscope","Musician","Unknown"
"Itch","Musician","Unknown"
"J-Zone","Musician","Unknown"
"J.B.O","Musician","Unknown"
"Jane's Addiction","Musician","Unknown"
"Jarre, Jean-Michel","Musician","Unknown"
"Jay-Z","Musician","Unknown"
"Jazzpolitie, De","Musician","Unknown"
"Jonny L","Musician","Unknown"
"Juggernaut","Musician","Unknown"
"K-Otix","Musician","Unknown"
"Kam","Musician","Unknown"
"Kindzadza","Musician","Unknown"
"King Sun","Musician","Unknown"
"Kirlian Camera","Musician","Unknown"
"Klangwerk","Musician","Unknown"
"Klute","Musician","Unknown"
"Kong","Musician","Unknown"
"Kool G Rap","Musician","Unknown"
"LawnChair Generals","Musician","Unknown"
"LCD","Musician","Unknown"
"Lick","Musician","Unknown"
"Limbo","Musician","Unknown"
"LL Cool J","Musician","Unknown"
"Logic Bomb","Musician","Unknown"
"LSD","Musician","Unknown"
"Mad Cow Disease","Musician","Unknown"
"Madonna","Musician","Unknown"
"Main Source","Musician","Unknown"
"Mantronix","Musician","Unknown"
"Mastodon","Musician","Unknown"
"MC 900 Ft. Jesus with DJ Zero","Musician","Unknown"
"MC Eiht","Musician","Unknown"
"Mega City Four","Musician","Unknown"
"Megadeth","Musician","Unknown"
"Megaptera","Musician","Unknown"
"Method Man","Musician","Unknown"
"Meyers, Helmut","Musician","Unknown"
"Micronaut","Musician","Unknown"
"Mimetic Mute","Musician","Unknown"
"Ming Star","Musician","Unknown"
"Misery Loves Co.","Musician","Unknown"
"Mondo Generator","Musician","Unknown"
"Moskwa TV","Musician","Unknown"
"Mudhoney","Musician","Unknown"
"Murder Corporation","Musician","Unknown"
"Mushroomhead","Musician","Unknown"
"Mysterious Art","Musician","Unknown"
"N.R.G. 2","Musician","Unknown"
"Napalm Death","Musician","Unknown"
"Negative Format","Musician","Unknown"
"Neuro-Visceral Exhumation","Musician","Unknown"
"Neuroactive","Musician","Unknown"
"Newt","Musician","Unknown"
"Nice & Smooth","Musician","Unknown"
"Nile","Musician","Unknown"
"No-Man","Musician","Unknown"
"Noisebox","Musician","Unknown"
"Nuclear Ramjet","Musician","Unknown"
"Oingo Boingo","Musician","Unknown"
"Ol' Dirty Bastard","Musician","Unknown"
"Oliver Moldan","Musician","Unknown"
"Omniscience","Musician","Unknown"
"Oneiroid Psychosis","Musician","Unknown"
"Optical","Musician","Unknown"
"Orange Sector","Musician","Unknown"
"Orphic","Musician","Unknown"
"Outrageous","Musician","Unknown"
"Oversoul","Musician","Unknown"
"Papa Brittle","Musician","Unknown"
"Parsons, Alan","Musician","Unknown"
"Perceptual Outer Dimensions","Musician","Unknown"
"Pete Namlook & Bill Laswell","Musician","Unknown"
"Phasis","Musician","Unknown"
"Philth","Musician","Unknown"
"Phobia","Musician","Unknown"
"Phreaky","Musician","Unknown"
"Pig","Musician","Unknown"
"Pitchtuner","Musician","Unknown"
"Pizzicato Five","Musician","Unknown"
"Plastic Assault","Musician","Unknown"
"Plastic Noise Experience","Musician","Unknown"
"PM Dawn","Musician","Unknown"
"Pood Phud & Phlug","Musician","Unknown"
"Pook, Jocelyn","Musician","Unknown"
"Portion Control","Musician","Unknown"
"Praxis","Musician","Unknown"
"Project Mayhem","Musician","Unknown"
"Queen Latifah","Musician","Unknown"
"Quirk","Musician","Unknown"
"R.E.M.","Musician","Unknown"
"Rabbit In The Moon","Musician","Unknown"
"Railgun","Musician","Unknown"
"Rantoul","Musician","Unknown"
"Rapoon","Musician","Unknown"
"Rapture","Musician","Unknown"
"Rasmus","Musician","Unknown"
"Rat Kings, The","Musician","Unknown"
"Re/Act","Musician","Unknown"
"Rebel Hell","Musician","Unknown"
"Red Red Groove","Musician","Unknown"
"Reel","Musician","Unknown"
"Renegade Soundwave","Musician","Unknown"
"Revolt","Musician","Unknown"
"Ron D Core","Musician","Unknown"
"Run-D.M.C.","Musician","Unknown"
"S.E.M:I","Musician","Unknown"
"S.I.N.A","Musician","Unknown"
"Salmonelli, Tony","Musician","Unknown"
"Saxon","Musician","Unknown"
"ScanX","Musician","Unknown"
"Scapa Flow","Musician","Unknown"
"Scar Tissue","Musician","Unknown"
"Schilling, Peter","Musician","Unknown"
"Scorn","Musician","Unknown"
"Scratch-D vs. H-Bomb","Musician","Unknown"
"Scrooge","Musician","Unknown"
"Senseless Things","Musician","Unknown"
"Sentenced","Musician","Unknown"
"Seraphim Shock","Musician","Unknown"
"Shai Hulud","Musician","Unknown"
"Shihad","Musician","Unknown"
"Shimmon","Musician","Unknown"
"Shock Therapy","Musician","Unknown"
"Shrapnel","Musician","Unknown"
"Shriekback","Musician","Unknown"
"Shy FX & UK Apachi","Musician","Unknown"
"Sick Of It All","Musician","Unknown"
"Signal to Noise","Musician","Unknown"
"Sinister","Musician","Unknown"
"Sir Mix-A-Lot","Musician","Unknown"
"Sister Machine Gun","Musician","Unknown"
"Sisters of Mercy","Musician","Unknown"
"Sodom","Musician","Unknown"
"Soil & Eclipse","Musician","Unknown"
"Sol Niger","Musician","Unknown"
"Solar Enemy","Musician","Unknown"
"Soldnergeist","Musician","Unknown"
"Soma","Musician","Unknown"
"Sonic Violence","Musician","Unknown"
"Sorcerer","Musician","Unknown"
"Sore Throat","Musician","Unknown"
"Static-X","Musician","Unknown"
"Stop the Violence Movement, The","Musician","Unknown"
"Strength Through Joy","Musician","Unknown"
"Strom.ec","Musician","Unknown"
"Structural Damage","Musician","Unknown"
"Sun Sawed in Half, The","Musician","Unknown"
"Sunbeam","Musician","Unknown"
"Supermatic","Musician","Unknown"
"Sweet Exorcist","Musician","Unknown"
"Synaesthesia","Musician","Unknown"
"System 7","Musician","Unknown"
"T99","Musician","Unknown"
"Tangerine Dream","Musician","Unknown"
"Technoline","Musician","Unknown"
"Tek Noir","Musician","Unknown"
"Terminally Your Aborted Ghost","Musician","Unknown"
"ThC","Musician","Unknown"
"Thine Eyes","Musician","Unknown"
"Timeless","Musician","Unknown"
"Total Eclipse","Musician","Unknown"
"Total Science","Musician","Unknown"
"Tracid Posse","Musician","Unknown"
"Tribe Called Quest, A","Musician","Unknown"
"UBX","Musician","Unknown"
"Ultraviolence","Musician","Unknown"
"Umo Detic","Musician","Unknown"
"Underground Dwarfs","Musician","Unknown"
"Unit:187","Musician","Unknown"
"Ursula 1000","Musician","Unknown"
"Usura","Musician","Unknown"
"UV","Musician","Unknown"
"Vik On Injection","Musician","Unknown"
"Voice Farm","Musician","Unknown"
"Voice Industrie","Musician","Unknown"
"Vomito Negro","Musician","Unknown"
"Voyager","Musician","Unknown"
"Wake, The","Musician","Unknown"
"Wartime","Musician","Unknown"
"Was not Was","Musician","Unknown"
"Wasteland","Musician","Unknown"
"Witching Hour","Musician","Unknown"
"Workgroup 3.1","Musician","Unknown"
"Wrathchild America","Musician","Unknown"
"X-Cert","Musician","Unknown"
"Xzibit","Musician","Unknown"
"Yellow Note","Musician","Unknown"
"Young American Primitive","Musician","Unknown"
"Zero Gravity","Musician","Unknown"
"Zyklon-B","Musician","Unknown"
"Gravity Kills","Musician","Unknown"
"Keith, Ray","Musician","Unknown"
"Munch","Musician","Unknown"
"Odysee of Noise","Musician","Unknown"
"Rammstein","Musician","Unknown"
"Smashing Pumpkins","Musician","Unknown"
"Snake River Conspiracy","Musician","Unknown"
"Sneaker Pimps","Musician","Unknown"
"Underworld","Musician","Unknown"
"Will","Musician","Unknown"
