"Blade Runner", "Unclassified"
"NASA", "Space Programmes"
"Apocalypse Now", "Unclassified"
"Aliens", "Unclassified"
"Kennedy, John F.", "President"
"Exorcist III, The", "Unclassified"
"Hellraiser", "Unclassified"
"Evil Dead II", "Unclassified"
"Dune", "Unclassified"
"Videodrome", "Unclassified"
"Bush, George", "President"
"Robocop", "Unclassified"
"Scarface", "Unclassified"
"THX 1138", "Unclassified"
"King Jr, Martin Luther", "Leader"
"Malcolm X", "Leader"
"Matrix, The", "Unclassified"
"2001: A Space Odyssey", "Unclassified"
"Star Trek", "TV Series"
"Star Wars", "Unclassified"
"Blue Velvet", "Unclassified"
"Manson, Charles", "Killer"
"Twilight Zone, The", "TV Series"
"Pryor, Richard", "Comedian"
"Exorcist, The", "Unclassified"
"Event Horizon", "Unclassified"
"Griswold, Farrell", "Preacher"
"Hellbound: Hellraiser II", "Unclassified"
"Predator 2", "Unclassified"
"1984", "Unclassified"
"Clockwork Orange, A", "Unclassified"
"Full Metal Jacket", "Unclassified"
"Jacob's Ladder", "Unclassified"
"Star Trek: The Next Generation", "TV Series"
"Twin Peaks", "TV Series"
"Abyss, The", "Unclassified"
"2010: Odyssey Two", "Unclassified"
"Shining, The", "Unclassified"
"Reagan, Ronald", "President"
"Taxi Driver", "Unclassified"
"South Park", "TV Series"
"Dawn of the Dead", "Unclassified"
"Flatliners", "Unclassified"
"Demon Seed", "Unclassified"
"Dark Star", "Unclassified"
"Warriors, The", "Unclassified"
"Fear and Loathing in Las Vegas", "Unclassified"
"Total Recall", "Unclassified"
"Seven", "Unclassified"
"Highlander", "Unclassified"
"Terminator, The", "Unclassified"
"Prince of Darkness", "Unclassified"
"Hitler, Adolf", "Dictator"
"Seventh Sign, The", "Unclassified"
"Texas Chainsaw Massacre 2, The", "Unclassified"
"Legend of Hell House, The", "Unclassified"
"Reservoir Dogs", "Unclassified"
"Twelve Monkeys", "Unclassified"
"Jones, Jim", "Reverend"
"X Files, The", "TV Series"
"Wattstax", "Documentary"
"Outer Limits, The", "TV Series"
"Robocop 2", "Unclassified"
"Prophecy, The", "Unclassified"
"Leary, Timothy", "Doctor"
"Predator", "Unclassified"
"Last Temptation of Christ, The", "Unclassified"
"Brown, Arthur", "Singer"
"Prisoner, The", "TV Series"
"Goodfellas", "Unclassified"
"Pulp Fiction", "Unclassified"
"Hardware", "Unclassified"
"Nixon, Richard M.", "President"
"Alien 3", "Unclassified"
"Shocker", "Unclassified"
"Night of the Living Dead", "Unclassified"
"Clinton, Bill", "President"
"Burroughs, William S.", "Author"
"Silence of the Lambs", "Unclassified"
"Hellraiser: Bloodline", "Unclassified"
"Legend", "Unclassified"
"Return of the Living Dead, The", "Unclassified"
"From Beyond", "Unclassified"
"Alien: Resurrection", "Unclassified"
"Day the Earth Stood Still, The", "Unclassified"
"Rosemary's Baby", "Unclassified"
"In the Mouth of Madness", "Unclassified"
"Network", "Unclassified"
"Barbarella", "Unclassified"
"Devils, The", "Unclassified"
"Fifth Element, The", "Unclassified"
"Name of the Rose, The", "Unclassified"
"No Escape", "Unclassified"
"Altered States", "Unclassified"
"Dark City", "Unclassified"
"Manson", "Documentary"
"Flash Gordon", "Unclassified"
"Kohl, Helmut", "Bundeskanzler"
"One Flew Over The Cuckoo's Nest", "Unclassified"
"Day of the Dead", "Unclassified"
"La Guardia, Fiorello Henry", "Mayor"
"Akira", "Unclassified"
"Faster Pussycat! Kill! Kill!", "Unclassified"
"Sisters of Satan", "Unclassified"
"Universal Soldier", "Unclassified"
"Cube", "Unclassified"
"Brain Dead", "Unclassified"
"Farrakhan, Louis", "Minister"
"LSD:25", "Documentary"
"Henry: Portrait of a Serial Killer", "Unclassified"
"Devil's Advocate", "Unclassified"
"Murphy, Eddie", "Comedian"
"Cape Fear", "Unclassified"
"Evil Dead, The", "Unclassified"
"Platoon", "Unclassified"
"Willy Wonka and the Chocolate Factory", "Unclassified"
"Thing, The", "Unclassified"
"Untouchables, The", "Unclassified"
"Dirty Harry", "Unclassified"
"Pi", "Unclassified"
"Bram Stoker's Dracula", "Unclassified"
"Bush, George W.", "President"
"Alien", "Unclassified"
"Crow, The", "Unclassified"
"Simpsons, The", "TV Series"
"Body Parts", "Unclassified"
"Lifeforce", "Unclassified"
"Mars Needs Women", "Unclassified"
"Freejack", "Unclassified"
"Battlestar Galactica", "Unclassified"
"Wild Angels, The", "Unclassified"
"Mommie Dearest", "Unclassified"
"Interview with the Vampire", "Unclassified"
"Dr. Strangelove", "Unclassified"
"River's Edge", "Unclassified"
"Deliverance", "Unclassified"
"Terminator 2: Judgment Day", "Unclassified"
"They Live", "Unclassified"
"Falling Down", "Unclassified"
"Candyman", "Unclassified"
"Westworld", "Unclassified"
"Looney Tunes & Merrie Melodies", "Cartoons"
"Planet of the Apes", "Unclassified"
"American Psycho", "Unclassified"
"Hellraiser III: Hell on Earth", "Unclassified"
"Contact", "Unclassified"
"Escape from New York", "Unclassified"
"Aeon Flux", "TV Series"
"Conan the Barbarian", "Unclassified"
"True Romance", "Unclassified"
"Punisher, The", "Unclassified"
"War of the Worlds, The", "Unclassified"
"Mad Max Beyond Thunderdome", "Unclassified"
"Few Good Men, A", "Unclassified"
"I'll Cry Tomorrow", "Unclassified"
"Soylent Green", "Unclassified"
"Lord Of Illusions", "Unclassified"
"Rivera, Geraldo", "TV Host"
"Head", "The Monkees Movie"
"Phantasm II", "Unclassified"
"Hitcher, The", "Unclassified"
"Split Second", "Unclassified"
"Life of Brian", "Unclassified"
"Casablanca", "Unclassified"
"Batman", "TV Series"
"Atomic Cafe, The", "Unclassified"
"Innocents, The", "Unclassified"
"Kasem, Casey", "Radio DJ"
"Doctor Who", "TV Show"
"Fly, The", "Unclassified"
"Marat/Sade", "Unclassified"
"Mark of the Devil", "Unclassified"
"Kalifornia", "Unclassified"
"Pitch Black", "Unclassified"
"Wizard of Gore, The", "Unclassified"
"Maniac", "Unclassified"
"Nightmare on Elm Street 4, A", "Unclassified"
"Unholy, The", "Unclassified"
"Making Money", "Infomercial"
"Naked Lunch", "Unclassified"
"Charlie's Family", "Unclassified"
"Independence Day", "Unclassified"
"Performance", "Unclassified"
"Star Trek: First Contact", "Unclassified"
"Ruling Class, The", "Unclassified"
"Eraserhead", "Unclassified"
"Haunting, The", "Unclassified"
"Phantasm", "Unclassified"
"Basic Instinct", "Unclassified"
"Natural Born Killers", "Unclassified"
"Nightbreed", "Unclassified"
"Forbidden Planet", "Unclassified"
"Island of Doctor Moreau, The", "Unclassified"
"Monty Python and The Holy Grail", "Unclassified"
"Shadow of a Doubt", "Unclassified"
"Johnny Mnemonic", "Unclassified"
"Indiana Jones and the Temple of Doom", "Unclassified"
"Transformers, The", "Unclassified"
"Armageddon", "Unclassified"
"Occult Experience, The", "Unclassified"
"Jackson, Jesse", "Candidate"
"Scream", "Unclassified"
"Car Wash", "Unclassified"
"Star Trek VI: The Undiscovered Country", "Unclassified"
"Andromeda Strain, The", "Unclassified"
"MTV", "TV Channel"
"Shogun Assassin", "Unclassified"
"Addiction, The", "Unclassified"
"Army of Darkness", "Unclassified"
"Cops", "TV Series"
"From Dusk Till Dawn", "Unclassified"
"Lawnmower Man, The", "Unclassified"
"Larson, Bob", "Evangelist"
"Speed Racer", "TV Show"
"Empire Strikes Back, The", "Unclassified"
"Hawking, Stephen", "Scientist"
"Heathers", "Unclassified"
"House by the Cemetery", "Unclassified"
"Scanners", "Unclassified"
"Muhammad, Khalid Abdul", "Spokesman"
"Trip, The", "Unclassified"
"Max Headroom", "TV Show"
"Tenant, The", "Unclassified"
"Close Encounters of the Third Kind", "Unclassified"
"Dragnet", "TV Series"
"Fight Club", "Unclassified"
"Reefer Madness", "Unclassified"
"Right Stuff, The", "Unclassified"
"Strange Days", "Unclassified"
"Swaggart, Jimmy", "Minister"
"Swaggart, Jimmy", "Minister"
"Suspiria", "Unclassified"
"Bad Taste", "Unclassified"
"Night of the Demon", "Unclassified"
"Batman", "Unclassified"
"Cannibal Ferox", "Unclassified"
"Crowley, Aleister", "Occultist"
"If...", "Unclassified"
"Mack, The", "Unclassified"
"Monty Python's Flying Circus", "TV"
"Nemesis", "Unclassified"
"Oppenheimer, Robert", "Scientist"
"Psycho", "Unclassified"
"Texas Chainsaw Massacre, The", "Unclassified"
"Weird World of LSD, The", "Unclassified"
"Wizard of Oz, The", "Unclassified"
"Tron", "Unclassified"
"Dragnet", "Unclassified"
"Vietnam Requiem", "Documentary"
"Bedazzled", "1967"
"Churchill, Winston", "Prime Minister"
"Kafka", "Unclassified"
"Monroe, Marilyn", "Actress"
"Near Dark", "Unclassified"
"Flintstones, The", "TV Series"
"New Jack City", "Unclassified"
"Paul II, John", "Pope"
"Starship Troopers", "Unclassified"
"Cannibal Holocaust", "Unclassified"
"Cemetery Man", "Unclassified"
"Jungle Book, The", "Animation"
"Star Trek IV: The Voyage Home", "Unclassified"
"Zombie", "Unclassified"
"Blazing Saddles", "Unclassified"
"Dead Zone, The", "Unclassified"
"Fahrenheit 451", "Unclassified"
"Return of the Jedi", "Unclassified"
"Beyond the Valley of the Dolls", "Unclassified"
"Do The Right Thing", "Unclassified"
"Maxx, The", "Animated TV Series"
"Wise Blood", "Unclassified"
"Naked", "Unclassified"
"Mondo Bizarro", "Documentary"
"Amityville 3-D", "Unclassified"
"Boyz 'N The Hood", "Unclassified"
"Omega Man, The", "Unclassified"
"Omen III: The Final Conflict", "Unclassified"
"Re-animator", "Unclassified"
"Reflecting Skin, The", "Unclassified"
"Ren & Stimpy", "TV Show"
"Star Trek: The Motion Picture", "Unclassified"
"Carnival of Souls", "Unclassified"
"Dragnet 1967", "TV Series"
"Enemy of the State", "Unclassified"
"For All Mankind", "Documentary"
"Omen, The", "Unclassified"
"Helter Skelter", "Unclassified"
"Death Machine", "Unclassified"
"Pirkle, Estus", "Reverend"
"StarCraft", "Video Game"
"Jurassic Park", "Unclassified"
"Lost Boys, The", "Unclassified"
"Lost Highway", "Unclassified"
"Pit and the Pendulum, The", "1990"
"Bad Boy Bubby", "Unclassified"
"Ghost Dog: The Way of the Samurai", "Unclassified"
"Ghost in the Shell", "Unclassified"
"Serpent and the Rainbow, The", "Unclassified"
"Shane", "Unclassified"
"Rage In Harlem, A", "Unclassified"
"Alphaville", "Unclassified"
"Hated", "Unclassified"
"Bad Lieutenant", "Unclassified"
"Big Lebowski, The", "Unclassified"
"Blues Brothers, The", "Unclassified"
"Clay, Andrew Dice", "Comedian"
"Coming To America", "Unclassified"
"Halloween III: Season of the Witch", "Unclassified"
"In the Line of Fire", "Unclassified"
"Journey Into Stereo Sound, A", "Record"
"Tetsuo: The Iron Man", "Unclassified"
"Thatcher, Margaret", "Prime Minister"
"Wild Style", "Unclassified"
"Withnail and I", "Unclassified"
"Captain Scarlett", "Unclassified"
"Truman, Harry S.", "President"
"Batman Forever", "Unclassified"
"Blood Sucking Freaks", "Unclassified"
"Bundy, Ted", "Killer"
"Carlito's Way", "Unclassified"
"Cool Hand Luke", "Unclassified"
"Deep Cover", "Unclassified"
"Drugstore Cowboy", "Unclassified"
"I Drink Your Blood", "Unclassified"
"Leon", "Unclassified"
"Let Sleeping Corpses Lie", "Unclassified"
"Lost In Space", "TV Series"
"Lucas, Henry Lee", "Serial Killer"
"Poltergeist", "Unclassified"
"Road Warrior, The", "Unclassified"
"Saturday Night Live", "TV Show"
"Star Trek: Generations", "Unclassified"
"Sudden Impact", "Unclassified"
"Twilight Zone: The Movie", "Unclassified"
"Wild at Heart", "Unclassified"
"Gimme Shelter", "Documentary"
"Blair Witch Project, The", "Unclassified"
"Boy and His Dog, A", "Unclassified"
"Colossus: The Forbin Project", "Unclassified"
"Los Angeles Riots", "News Coverage"
"Schellbach, Oscar", "Guru"
"Usual Suspects, The", "Unclassified"
"House of Games", "Unclassified"
"Daughters of Darkness", "Unclassified"
"Frankenstein", "Unclassified"
"Liquid Sky", "Unclassified"
"Space: 1999", "TV Series"
"Trick or Treat", "Unclassified"
"Beavis and Butthead", "TV Series"
"Five Heartbeats, The", "Unclassified"
"Pump Up the Volume", "Unclassified"
"SLC Punk", "Unclassified"
"Hagee, John", "Minister"
"Mortal Kombat", "Unclassified"
"American Me", "Unclassified"
"Billy Madison", "Unclassified"
"Church, The", "Unclassified"
"Dead Presidents", "Unclassified"
"Death Wish", "Unclassified"
"Gattaca", "Unclassified"
"Hamburger Hill", "Unclassified"
"Matter of Life and Death, A", "Unclassified"
"Midnight Express", "Unclassified"
"8mm", "Unclassified"
"Batman Returns", "Unclassified"
"Blade", "Unclassified"
"CNN", "TV Channel"
"Kinski, Klaus", "Actor"
"Scent of a Woman", "Unclassified"
"Thin Red Line, The", "Unclassified"
"Fire Birds", "Unclassified"
"Last Tango in Paris", "Unclassified"
"Rawhead Rex", "Unclassified"
"All American Murder", "Unclassified"
"German Commercials", "Commercial"
"Heino", "Singer"
"Lübke, Heinrich", "Politican"
"Harvester", "Video Game"
"Perry Mason", "TV Series"
"Water, Water Every Hare", "Cartoon"
"Bad Seed, The", "Unclassified"
"Big Bang, The", "Unclassified"
"Caligula", "Unclassified"
"Cell, The", "Unclassified"
"Good, the Bad and the Ugly, The", "Unclassified"
"Paradise Lost", "Documentary"
"Phantom Menace, The", "Unclassified"
"Sesame Street", "TV Series"
"Tenebre", "Unclassified"
"War at Home, The", "Documentary"
"Brotherhood of Satan", "Unclassified"
"Fireman Sam", "Animation"
"Midnight Cowboy", "Unclassified"
"Legacy of Kain: Soul Reaver", "Game"
"Demolition Man", "Unclassified"
"Earth vs. the Flying Saucers", "Unclassified"
"Hindenburg", "Catastrophy"
"Running Man, The", "Unclassified"
"Night Gallery", "TV Series"
"Berkowitz, David", "Killer"
"Skippy Awards, The", "TV Show"
"Bennett-Speed, Carolyn", "Radio Host"
"From The Heart of the World", "Unclassified"
"Murray, Les", "Sports Commentator"
"Pit and the Pendulum, The", "1961"
"Carrie", "Unclassified"
"Coffy", "Unclassified"
"Entity, The", "Unclassified"
"King of Comedy, The", "Unclassified"
"Omega Code, The", "Unclassified"
"Sneakers", "Unclassified"
"Time Bandits", "Unclassified"
"Avengers, The", "TV Show"
"Boogie Nights", "Unclassified"
"Bride, The", "Unclassified"
"Virgin Among the Living Dead", "Unclassified"
"Things to Come", "Unclassified"
"Top of the Pops", "TV Show"
"Violent Years, The", "Unclassified"
"Absolutely Fabulous", "TV show"
"Airplane!", "Unclassified"
"Beetlejuice", "Unclassified"
"Biafra, Jello", "Artist"
"Black Hole, The", "Unclassified"
"Boondock Saints, The", "Unclassified"
"Bruce, Lenny", "Comedian"
"Communion", "Unclassified"
"Eaten Alive", "Unclassified"
"End of Days", "Unclassified"
"Fat Albert & The Cosby Kids", "Cartoon"
"Fellowship Of The Ring, The", "Unclassified"
"Fist Of The North Star", "Unclassified"
"Fog, The", "Unclassified"
"Foxx, Redd", "Comedian"
"Fugitive, The", "Unclassified"
"Gladiator", "Unclassified"
"Halloween", "Unclassified"
"Hollywood Chainsaw Hookers", "Unclassified"
"I Spit on Your Grave", "Unclassified"
"Impossible Mission", "Computer Game"
"Johnson, Lyndon", "President"
"Lidsville", "TV Series"
"Millennium", "TV Series"
"Muppet Show", "TV Show"
"Patton", "Unclassified"
"Pieces", "Unclassified"
"Plague Dogs, The", "Animation"
"Queen of Outer Space", "Unclassified"
"Romper Stomper", "Unclassified"
"Six Million Dollar Man, The", "TV Show"
"Squirm", "Unclassified"
"Star Trek III: The Search for Spock", "Unclassified"
"Star Trek: Voyager", "TV Series"
"Stargate", "Unclassified"
"Thing From Another World, The", "Unclassified"
"This is Spinal Tap", "Unclassified"
"Zombi Holocaust", "Unclassified"
"At Midnight I'll Take Your Soul", "Unclassified"
"Case of Charles Dexter Ward, The", "Unclassified"
"Laughton, Charles", "Actor"
"Single White Female", "Unclassified"
"Blue Jam", "Radio Show"
"Dole, Bob", "Senator"
"Return of The Pink Panther", "Unclassified"
"Angel Heart", "Unclassified"
"Animal House", "Unclassified"
"Backdraft", "Unclassified"
"Beneath the Planet of the Apes", "Unclassified"
"Berzerk", "Video Game"
"Blechtrommel, Die", "Unclassified"
"Bloody Pit of Horror", "Unclassified"
"Brazil", "Unclassified"
"Broken Arrow", "Unclassified"
"Brood, The", "Unclassified"
"Child of Satan", "Unclassified"
"City of the Living Dead", "Unclassified"
"Clockers", "Unclassified"
"Corpse Grinders, The", "Unclassified"
"Cyborg", "Unclassified"
"Dead & Buried", "Unclassified"
"Dead Alive", "Unclassified"
"Death Race 2000", "Unclassified"
"Demons", "Unclassified"
"Diamonds Are Forever", "Unclassified"
"Die Hard", "Unclassified"
"Dracula A.D. 1972", "Unclassified"
"Elephant Man, The", "Unclassified"
"Exorcist II: The Heretic", "Unclassified"
"Faces of Death", "Documentary"
"Ferris Bueller's Day Off", "Unclassified"
"Ghost", "Unclassified"
"Heavy Metal", "Unclassified"
"Hidden, The", "Unclassified"
"Indiana Jones and the Last Crusade", "Unclassified"
"Juice", "Unclassified"
"Kallinger, Joseph", "Killer"
"Kindergarten Cop", "Unclassified"
"Klute", "Unclassified"
"Last House On Dead End Street, The", "Unclassified"
"Lost Souls", "Unclassified"
"Man Who Fell To Earth, The", "Unclassified"
"Marathon Man", "Unclassified"
"Mean Streets", "Unclassified"
"Moontrap", "Unclassified"
"Mr. Blooper", "Record Series"
"New York Ripper, The", "Unclassified"
"North by Northwest", "Unclassified"
"Omen II: Damien", "Unclassified"
"Patriot Games", "Unclassified"
"Peeping Tom", "Unclassified"
"Pink Flamingos", "Unclassified"
"Plan 9 From Outer Space", "Unclassified"
"Poltergeist II", "Unclassified"
"Reading Rainbow", "TV Show"
"Rendlesham UFO Incident", "Audio Tape"
"Repo Man", "Unclassified"
"Road to Perdition", "Unclassified"
"Schwarzkopf, Norman", "General"
"Shaolin Executioner", "Unclassified"
"Shivers", "Unclassified"
"Slacker", "Unclassified"
"Ten Tigers Of Kwangtung", "Unclassified"
"Testament of Orpheus", "Unclassified"
"Thirteenth Floor, The", "Unclassified"
"Wall Street", "Unclassified"
"War Of The Worlds", "Radio Broadcast"
"WarGames", "Unclassified"
"WarGames", "Unclassified"
"Woodstock", "Documentary"
"Young Frankenstein", "Unclassified"
"Bukowski, Charles", "Author"
"Christine", "Unclassified"
"Cité des Enfants Perdus, La", "Unclassified"
"Divorce Court", "TV Series"
"Fractured Leghorn, A", "Cartoon"
"Jones, Alex", "Radio Host"
"Land of the Lost", "TV Series"
"Star Trek: Deep Space Nine", "TV Series"
"Supermarket Sweep", "TV Show"
"Carny", "Unclassified"
"Cyclone", "Pinball Machine"
"Hoffa", "Unclassified"
"Iron Helix, The", "CD ROM Game"
"Mega Math System", "Infomercial"
"Messenger: The Story of Joan of Arc, The", "Unclassified"
"Breaking It", "Unclassified"
"Devil in Ms. Dare, The", "Unclassified"
"Female Trouble", "Unclassified"
"Gomer Pyle, U.S.M.C.", "TV Series"
"Hotel Room", "TV Series"
"Lord Of The Flies", "Unclassified"
"Moon 44", "Unclassified"
"Rebecca", "Unclassified"
"Timecop", "Unclassified"
"Tracy I Love You", "Unclassified"
"Alka-Seltzer", "Commercial"
"Chaplin", "Unclassified"
"Lenny", "Unclassified"
"Prison", "Unclassified"
"Star Trek: Nemesis", "Unclassified"
"Stephen King's It", "Unclassified"
"13th Warrior, The", "Unclassified"
"All in the Family", "TV Series"
"Andy Warhol's Dracula", "Unclassified"
"Andy Warhol's Heat", "Unclassified"
"Desperate Living", "Unclassified"
"Devil's Own, The", "Unclassified"
"Fright Night Part II", "Unclassified"
"Frontline", "TV Series"
"Glengarry Glen Ross", "Unclassified"
"Hearts of Darkness", "Documentary"
"Helter Skelter Murders, The", "Unclassified"
"Honecker, Erich", "Politican"
"Ipcress File, The", "Unclassified"
"Kite", "Animation"
"Law & Order: Special Victims Unit", "Unclassified"
"Lovelorn Leghorn", "Cartoon"
"Punkt 7", "TV Show"
"Sega Dreamcast", "Game Console"
"Sentinel, The", "Unclassified"
"Shaolin And Wu Tang", "Unclassified"
"Smell of Honey, a Taste of Brine, A!", "Unclassified"
"Spaceballs", "Unclassified"
"Third Man, The", "Unclassified"
"Tito, Josip Broz", "Dictator"
"Uncle Buck", "Unclassified"
"Waco: The Rules of Engagement", "Unclassified"
"When a Stranger Calls", "Unclassified"
"2000 Maniacs", "Unclassified"
"83 Hours 'Til Dawn", "Unclassified"
"Abbott & Costello", "Comedians"
"Brady Bunch, The", "TV Series"
"Can't Stop the Music", "Unclassified"
"Dragon's Lair", "Video Game"
"Fabeltjeskrant, De", "TV Series"
"Firesign Theatre", "Comedians"
"Good Morning, Vietnam", "Unclassified"
"Joseph Campbell and the Power of Myth", "Unclassified"
"Kentucky Fried Movie, The", "Unclassified"
"Knight Rider", "TV Series"
"Scales of Justice", "Radio Show"
"Tagesschau", "German News Show"
"Top Gun", "Unclassified"
"Trumpton", "Unclassified"
"United States Senate", "Congress"
"World Trade Center Attack", "News Cast"
"Assassins", "Unclassified"
"Basket Case", "Unclassified"
"Betrayed", "Unclassified"
"Breakfast at Tiffany's", "Unclassified"
"Chapman, Mark", "Killer"
"Cleopatra Jones", "Unclassified"
"Conquest of the Planet of the Apes", "Unclassified"
"Cotton Club, The", "Unclassified"
"Daughter of Horror", "Unclassified"
"Dead Poets Society", "Unclassified"
"Extreme Measures", "Unclassified"
"Fagan, Myron C.", "Author"
"Fearless Vampire Killers, The", "Unclassified"
"Firm, The", "Unclassified"
"Genscher, Hans Dietrich", "Politican"
"Goebbels, Joseph", "Minister"
"Hagen, Nina", "Singer"
"Halloween 4", "Unclassified"
"Hallucination Generation", "Unclassified"
"Haunted, The", "Unclassified"
"Innocent Blood", "Unclassified"
"Keep, The", "Unclassified"
"Kinder, Kader, Kommandeure", "Unclassified"
"Life of King Henry the Fifth", "Play"
"Mulholland Dr.", "Unclassified"
"Murder By Death", "Unclassified"
"Nader, Ralph", "Presidential Candidate"
"Name That Tune", "TV Show"
"Robotech", "TV Series"
"Romeo Is Bleeding", "Unclassified"
"Serial Killers", "Documentary"
"Sjunde Inseglet, Det", "Unclassified"
"Sleepers", "Unclassified"
"Veronica", "TV Channel"
"West Side Story", "Unclassified"
"Young Ones, The", "TV Series"
"3x3 Eyes", "Unclassified"
"Battlefield Earth", "Unclassified"
"Becker, Boris", "Tennis Player"
"Boot, Das", "Unclassified"
"Brainscan", "Unclassified"
"Cadillac", "Commercial"
"Chitty Chitty Bang Bang", "Unclassified"
"Dark Secrets: Inside Bohemian Grove", "Unclassified"
"Day, Doris", "Singer"
"Deep Throat", "Unclassified"
"Dumbo", "Unclassified"
"Emergency Broadcast System", "EBS"
"Fearless", "Unclassified"
"Flashback", "Unclassified"
"Godzilla vs. the Sea Monster", "Unclassified"
"Golden Child, The", "Unclassified"
"Hicks, Bill", "Comedian"
"Horizon: Psychedelic Science", "Documentary"
"It Conquered the World", "Unclassified"
"Loosing It", "Unclassified"
"Magnolia", "Unclassified"
"Manhunter", "Unclassified"
"Message to Love", "Documentary"
"Miami Vice", "TV Series"
"Misery", "Unclassified"
"My Dinner With Andre", "Unclassified"
"My Favorite Year", "Unclassified"
"Not the Nine O'Clock News", "TV Show"
"Others, The", "Unclassified"
"Papillon", "Unclassified"
"Reign Of Fire", "Unclassified"
"Salton Sea, The", "Unclassified"
"Saw", "Unclassified"
"Shaft", "Unclassified"
"Slayers", "TV-Series"
"Something Wicked This Way Comes", "Unclassified"
"Sticks", "Audio Drama"
"To Have and Have Not", "Unclassified"
"Toure, Kwame", "Leader/Activist"
"Trees Lounge", "Unclassified"
"Twin Peaks: Fire Walk with Me", "Unclassified"
"Underworld", "Unclassified"
"War of the Worlds, The", "Musical"
"Wonderwall", "Unclassified"
"Young Sherlock Holmes", "Unclassified"
"5,000 Fingers Of Dr. T., The", "Unclassified"
"7-Eleven", "Commercial"
"America Undercover", "Documentary"
"Antz", "Unclassified"
"Beach Girls and the Monster, The", "Unclassified"
"Betty Blue", "Unclassified"
"Beyond, The", "Unclassified"
"Bill Cosby - Himself", "Unclassified"
"Billy Jack", "Unclassified"
"Blind Fury", "Unclassified"
"Body Snatchers", "Unclassified"
"Children Shouldn't Play with Dead Things", "Unclassified"
"Clue", "Unclassified"
"Cradle of Fear", "Unclassified"
"Dark Shadows", "TV Series"
"Devil's Rain, The", "Unclassified"
"Ed Wood", "Unclassified"
"Equilibrium", "Unclassified"
"Fallen", "Unclassified"
"Ferraro, Geraldine", "Politician"
"Fire in the Sky", "Unclassified"
"Fortress", "Unclassified"
"Frontline: Little Criminals", "Documentary"
"Frost, Robert", "Poet"
"G.I. Joe", "Commercial"
"Glücksrad", "TV Show"
"Godfather: Part III, The", "Unclassified"
"Graduate, The", "Unclassified"
"Groovy Ghoulies", "Cartoon"
"Gunhed", "Unclassified"
"Heidi", "Animation"
"Henry: Portrait of a Serial Killer 2", "Unclassified"
"Herrenabend 4", "Unclassified"
"Hess, Rudolf", "Minister"
"Highlander", "TV Series"
"Hunde, wollt ihr ewig leben?", "Unclassified"
"Hunt For Red October, The", "Unclassified"
"Jackie Chan's First Strike", "Unclassified"
"Jagger, Mick", "Artist"
"Journey To Evil, A", "Documentary"
"King of New York", "Unclassified"
"King of the Hill", "TV Show"
"Korpen Flyger", "Unclassified"
"Krays, The", "Unclassified"
"Last Starfighter, The", "Unclassified"
"Late Late Show, The", "TV Show"
"Leaving Las Vegas", "Unclassified"
"Little Lord Fauntleroy", "Unclassified"
"Lord of the Rings", "Unclassified"
"Man with the Golden Arm, The", "Unclassified"
"Maniac 2: Mr. Robbie", "Unclassified"
"Marquette, Pee Wee", "Announcer"
"Max Payne", "Video Game"
"Mikey", "Unclassified"
"Moonstruck", "Unclassified"
"Mr. Ed", "Unclassified"
"New Wave Hookers #6", "Unclassified"
"Nova", "TV Show"
"Office Space", "Unclassified"
"On the Beach", "Unclassified"
"Orpheé", "Unclassified"
"Oz", "TV Show"
"Pet Semetary", "Unclassified"
"Petey Wheatstraw", "Unclassified"
"Planet of the Apes", "2001"
"Brown, H. Rap", "Leader"
"Cosby, Bill", "Comedian"
"Donnie Darko", "Unclassified"
"Edge Of Sanity", "Unclassified"
"Feather Dusted", "Cartoon"
"Legends of the Fall", "Unclassified"
"M*A*S*H", "TV Series"
"Matrix Reloaded, The", "Unclassified"
"Puppet Masters, The", "Unclassified"
"QED", "TV Documentary Series"
"Quaker Oats", "Commercial"
"Relic, The", "Unclassified"
"Revenge of the Nerds", "Unclassified"
"Salvation", "Unclassified"
"Sex, Lies and Videotape", "Unclassified"
"Shadow of the Vampire", "Unclassified"
"Shock Waves", "Unclassified"
"Soldier Girls", "Unclassified"
"Spaced Invaders", "Unclassified"
"Spy Who Shagged Me, The", "Unclassified"
"Telephone System", "Unclassified"
"Titanic", "Unclassified"
"Tombstone", "Unclassified"
"Transylvania 6-5000", "Cartoon"
"True Believer", "Unclassified"
"Ultima Underworld", "Computer Game"
"Unreal", "Video Game"
"Vanilla Sky", "Unclassified"
"Vera am Mittag", "TV Show"
"Wallace & Gromit: The Wrong Trousers", "Unclassified"
"War of the Gargantuas", "Unclassified"
"Warlock", "Unclassified"
"Warning To The Curious, A", "Unclassified"
"Welt in Jenem Sommer, Die", "Unclassified"
"Wolff, Bob", "Sports Commentator"
"Women in Revolt", "Unclassified"
"X-Faktor", "TV Series"
"Young Guns", "Unclassified"
"Addams Family, The", "Unclassified"
"Alligator People, The", "Unclassified"
"American Conversations", "Documentary"
"American Justice", "TV Series"
"Astroboy", "TV Series"
"Azizie", "Unclassified"
"Back To The Future", "Unclassified"
"Bad Dreams", "Unclassified"
"Battle of Britain", "Unclassified"
"Beverly Hills Cop II", "Unclassified"
"Big Sleep, The", "Unclassified"
"Billy Liar", "Unclassified"
"Bird", "Unclassified"
"Black Panthers", "Documentary"
"Black Rain", "Unclassified"
"Black Robe", "Unclassified"
"Blackadder the Third", "TV Series"
"Boomerang", "Unclassified"
"Bopha!", "Unclassified"
"Borrower, The", "Unclassified"
"Brassed Off", "Unclassified"
"Brazilian TV World Cup 1986 Coverage", "Unclassified"
"Bride of Frankenstein", "Unclassified"
"Bride of Re-animator", "Unclassified"
"Brighton Rock", "Unclassified"
"Britannia Hospital", "Unclassified"
"Bronx Tale, A", "Unclassified"
"Cabin Boy", "Unclassified"
"Cartoons In Stereo", "Sound Recording"
"Cassandra", "Unclassified"
"Cheech and Chong's Nice Dreams", "Unclassified"
"Cheers", "TV Show"
"CKLG 730", "Radio Station"
"Cleaver, Eldridge", "Leader"
"Coast to Coast AM", "Radio Show"
"Colors", "Unclassified"
"Conversation, The", "Unclassified"
"Convoy", "Unclassified"
"Copycat", "Unclassified"
"Count Chocula", "Commercial"
"Countdown", "TV Show"
"Crying Freeman", "Unclassified"
"Cybergirl", "Pinball Machine"
"Dahmer, Jeffrey", "Serial Killer"
"Dark Crystal, The", "Unclassified"
"Dark Side of the Moon, The", "Unclassified"
"Darkman", "Unclassified"
"Dead Again", "Unclassified"
"Dead End Kids", "Unclassified"
"Death Warrant", "Unclassified"
"Deer Hunter, The", "Unclassified"
"Descent 2", "Video Game"
"Dial M for Murder", "Unclassified"
"Die Hard 2", "Unclassified"
"Diet Pepsi", "Commercial"
"Diner", "Unclassified"
"Disturbed", "Unclassified"
"Dracula's Daughter", "Unclassified"
"Driller Killer", "Unclassified"
"Duck Soup", "Unclassified"
"Dungeonmaster, The", "Unclassified"
"Easy Money", "Unclassified"
"Easy Rider", "Unclassified"
"Electra Glide in Blue", "Unclassified"
"Element Of Crime, The", "Unclassified"
"Eurovision Song Contest", "TV Show"
"Excalibur", "Unclassified"
"Family Feud", "TV Game Show"
"Family Ties", "TV Series"
"Fawlty Towers", "TV Series"
"Feddema, Sandi", "Radio Voice"
"Federal Express", "Commercial"
"Femme Nikita, La", "Unclassified"
"Final Approach", "Unclassified"
"Fistful of Dollars, A", "Unclassified"
"Freisler, Roland", "Judge"
"Frighteners, The", "Unclassified"
"From the Hip", "Unclassified"
"Fromme, Lynette "Squeaky"", "Assassin"
"Ghostbusters", "Unclassified"
"Ghosts of the Civil Dead", "Unclassified"
"Ghoul, The", "Unclassified"
"Gilda", "Unclassified"
"Godfather, The", "Unclassified"
"Godzilla", "Unclassified"
"Goldfinger", "Unclassified"
"Gone with the Wind", "Unclassified"
"Grass, Günther", "Writer"
"Grinch Who Stole Christmas, The", "Unclassified"
"Grosse Pointe Blank", "Unclassified"
"Guinness", "TV Commercial"
"H.O.T", "TV Show"
"Halloween 5", "Unclassified"
"Hamlet", "Unclassified"
"Handmaid's Tale, The", "Unclassified"
"Hassan", "Radio Show"
"Heat", "Unclassified"
"Herzog, Roman", "Politican"
"Highlander II", "Unclassified"
"Hird, Thora", "British Actress"
"Hitchcock, Alfred", "Director"
"Home Alone", "Unclassified"
"Horror Hotel", "Unclassified"
"Hot Shots! Part Deux", "Unclassified"
"House of Whipcord", "Unclassified"
"House That Dripped Blood, The", "Unclassified"
"Hudson Hawk", "Unclassified"
"I Know What You Did Last Summer", "Unclassified"
"Ironside", "TV Show"
"Ironweed", "Unclassified"
"Jenny Jones", "TV Series"
"Jungle Burger", "Unclassified"
"Kesey, Ken", "Author"
"Kids in the Hall, The", "TV Series"
"Kids That Kill", "Documentary"
"Kiss Me Deadly", "Unclassified"
"Last House on the Left", "Unclassified"
"Late Night", "TV Series"
"Lennon, John", "Musician"
"Leprechaun 4: In Space", "Unclassified"
"Let's Visit the World of the Future", "Unclassified"
"Limbaugh, Rush", "Radio Show Host"
"Little Big Man", "Unclassified"
"Logan's Run", "Unclassified"
"Long Goodbye, The", "Unclassified"
"Lost World: Jurassic Park, The", "Unclassified"
"Lunch, Lydia", "Confrontationalist"
"MacArthur, Douglas", "General"
"Magic", "Unclassified"
"Magnum Force", "Unclassified"
"Major, John", "Prime Minister"
"Manson, Marilyn", "Musician"
"Marley, Bob", "Artist"
"Mars Attacks!", "Unclassified"
"Martian Chronicles, The", "TV Film"
"Mary Poppins", "Unclassified"
"Mary Reilly", "Unclassified"
"Masque of the Red Death, The", "Unclassified"
"Maury Povich Show, The", "Unclassified"
"Menace II Society", "Unclassified"
"Millennium", "Unclassified"
"Mimic", "Unclassified"
"Momper, Walter", "Politican"
"Mondale, Walter", "President Candidate"
"Mondo Magic", "Unclassified"
"Monkees", "TV Show"
"Mother's Day", "Unclassified"
"Mr. Rogers' Neighborhood", "TV Series"
"Ms. 45", "Unclassified"
"Mummy, The", "Unclassified"
"Needful Things", "Unclassified"
"Nekromantik", "Unclassified"
"Nightmare on Elm Street 2, A", "Unclassified"
"Nightmare on Elm Street 3, A", "Unclassified"
"Nightmare on Elm Street 5, A", "Unclassified"
"Nightmare on Elm Street, A", "Unclassified"
"No Way Out", "Unclassified"
"Nut House", "Unclassified"
"Odessa File, The", "Unclassified"
"One, The", "Unclassified"
"Orlando", "Unclassified"
"Osterman Weekend, The", "Unclassified"
"Our Man Flint", "Unclassified"
"Out of the Dark", "Unclassified"
"Outbreak", "Unclassified"
"Paradise Lost", "Unclassified"
"Paris, Texas", "Unclassified"
"Pee-Wee Herman Show, The", "TV Series"
"Peter Pan", "Unclassified"
"Picture of Dorian Gray, The", "Unclassified"
"Pinocchio", "Unclassified"
"Playmates, The", "50's Band"
"A & E Biography", "TV Series"
"Alice", "Unclassified"
"Alice in Wonderland", "Unclassified"
"And God Created Woman", "Unclassified"
"Austin Powers", "Unclassified"
"Bad Boys", "Unclassified"
"Beach, The", "Unclassified"
"Beatles, The", "Artist"
"Birth Of A Nation: 4-29-1992", "Unclassified"
"Black Cat, The", "Unclassified"
"Bloodeaters", "Unclassified"
"Body Shop, The", "Unclassified"
"Bowie, David", "Singer"
"Bring Me the Head of Alfredo Garcia", "Unclassified"
"Bullwinkle Show, The", "Animation"
"Captain Power", "TV Series"
"Celan, Paul", "Poet"
"Cheech & Chong", "Comedians"
"Clash of the Titans", "Unclassified"
"Con Air", "Unclassified"
"Deadbeat at Dawn", "Unclassified"
"Disco Godfather", "Unclassified"
"Don't Be a Menace to South Central...", "Unclassified"
"Doors, The", "Unclassified"
"Dread At The Controls", "Radio Show"
"Dresser, The", "Unclassified"
"First Blood", "Unclassified"
"Five Deadly Venoms", "Unclassified"
"Flesh For Frankenstein", "Unclassified"
"Foxy Brown", "Unclassified"
"Freaks", "Unclassified"
"Friday the 13th Part 2", "Unclassified"
"Fucking Åmål", "Unclassified"
"Giu la testa", "Unclassified"
"Glory", "Unclassified"
"Haley, Alex", "Author"
"Hang 'em High", "Unclassified"
"Hyde, Henry J.", "Congressman"
"Ilsa, She Wolf Of The SS", "Unclassified"
"Inferno", "Unclassified"
"Kill the Moonlight", "Unclassified"
"Last Man Standing", "Unclassified"
"Light Of Day", "Unclassified"
"Malice", "Unclassified"
"Manzarek, Ray", "Rock Musician"
"Martin", "Unclassified"
"Martin, Steve", "Comedian"
"Mission Impossible", "Unclassified"
"Mudhoney", "Unclassified"
"Night of the Living Dead", "1990"
"20/20", "TV Show"
"A-Team, The", "TV series"
"Adventures in Babysitting", "Unclassified"
"Aguirre, der Zorn Gottes", "Unclassified"
"Any Given Sunday", "Unclassified"
"Bedazzled", "2000"
"6th Day, The", "Unclassified"
"Agnew, Spiro", "Vice President"
"Animal Farm", "Unclassified"
"Assault on Precinct 13", "Unclassified"
"Avon", "Commercial"
"Being There", "Unclassified"
"Big Chill, The", "Unclassified"
"Bird with the Crystal Plumage, The", "Unclassified"
"Blood Diner", "Unclassified"
"Blood: The Last Vampire", "Animation"
"Blowup", "Unclassified"
"Bomben über Dresden", "Documentary"
"Bound", "Unclassified"
"Brainstorm", "Unclassified"
"Brother From Another Planet", "Unclassified"
"Burning, The", "Unclassified"
"Cannibal Apocalypse", "Unclassified"
"Captain Teele", "Pilot"
"Castlevania: Symphony of the Night", "Unclassified"
"Cement Garden, The", "Unclassified"
"Children of the Corn", "Unclassified"
"Class of 1999", "Unclassified"
"Cockleshell Heroes, The", "Unclassified"
"Comic Strips Presents", "TV-Series"
"Contempt", "Unclassified"
"Courage Under Fire", "Unclassified"
"Crawford, Michael", "Musical Artist"
"Crumb", "Unclassified"
"Curious Dr. Humpp, The", "Unclassified"
"Curse Of Frankenstein, The", "Unclassified"
"Dancing Outlaw, The", "Documentary"
"Daria: Is It Fall Yet?", "TV Movie"
"Darkman II: The Return of Durant", "Unclassified"
"Dawson's Creek", "TV Series"
"Dead Ringers", "Unclassified"
"Deep Red", "Unclassified"
"Demonic Toys", "Unclassified"
"Deranged", "Unclassified"
"Despair", "Unclassified"
"Disney's Haunted House", "Record"
"Dogma", "Unclassified"
"Doom Generation, The", "Unclassified"
"Duke Nukem 3D", "Video Game"
"Dunwich Horror, The", "Unclassified"
"Dwyer, Budd", "Suicide"
"Executions", "Documentary"
"Fabra, Wayne", "Musician"
"Fast Times At Ridgemont High", "Unclassified"
"Fear of the Unknown, The", "TV Pilot"
"Frankenhooker", "Unclassified"
"Fresh", "Unclassified"
"Friday The 13th", "Unclassified"
"Friday the 13th Part VI: Jason Lives", "Unclassified"
"Fritz the Cat", "Unclassified"
"From Hell", "Unclassified"
"Futurama", "TV Series"
"G.I. Joe", "TV Series"
"Gallipoli", "Unclassified"
"Geraldo Rivera Show, The", "TV Show"
"Get a Life", "TV Series"
"Ghidrah, the Three-Headed Monster", "Unclassified"
"Ghostbusters II", "Unclassified"
"Glen or Glenda", "Unclassified"
"Godzilla vs. Mechagodzilla", "Unclassified"
"Gotcha!", "Unclassified"
"Guinea Pig: Flowers of Flesh and Blood", "Unclassified"
"Gun Shy", "Unclassified"
"Gunsmoke", "TV Series"
"H.R. Pufnstuf", "TV Series"
"Hackers", "Unclassified"
"Hale and Pace", "TV-Series"
"Hammer House of Horror", "TV Series"
"Hardgore", "Unclassified"
"Harlem Nights", "Unclassified"
"Heat", "Comedy"
"Hibberd, Stuart", "Radio Announcer"
"High School Confidential", "Unclassified"
"Horror Rises from the Tomb", "Unclassified"
"Human Traffic", "Unclassified"
"Idiot Box", "Unclassified"
"Ilsa, Harem Keepers of the Oil Shieks", "Unclassified"
"Importance of Being Earnest, The", "Unclassified"
"In and Out", "Unclassified"
"Invasion of the Body Snatchers", "Unclassified"
"Island of Lost Souls", "Unclassified"
"Jennings, Peter", "News Anchor"
"Jin Roh", "Animation"
"Judge Dredd", "Unclassified"
"Karl-Bertil Jonssons Julafton", "Unclassified"
"Kennedy, Robert F.", "Senator"
"Killer Clowns From Outer Space", "Unclassified"
"Killer, The", "Unclassified"
"Killing Zoe", "Unclassified"
"Kinison, Sam", "Comedian"
"Kissed", "Unclassified"
"KSTW-11", "TV Station"
"L-Shaped Room, The", "Unclassified"
"Lady Frankenstein", "Unclassified"
"Le Pen, Jean-Marie", "Extremist"
"League Of Gentlemen, The", "TV Series"
"Lolita", "Unclassified"
"Long Good Friday, The", "Unclassified"
"Long, Bobby Joe", "Serial Killer"
"Lord of the Rings", "Animation"
"Lost in Space", "Unclassified"
"Love Happy", "Unclassified"
"Love Thrill Murders, The", "Unclassified"
"Luminous Motion", "Unclassified"
"Malmsteen, Yngwie", "Guitarist"
"Man Called X, The", "Radio Show"
"Masters Of The Universe", "Unclassified"
"Matrix Revolutions, The", "Unclassified"
"McCarthy, Joseph", "Senator"
"Meet The Feebles", "Unclassified"
"Miller's Crossing", "Unclassified"
"Morrison, Jim", "Singer"
"Mortuary", "Unclassified"
"Mothra", "Unclassified"
"My Blood Valentine", "Unclassified"
"Naked Gun", "Unclassified"
"Night of the Creeps", "Unclassified"
"Oliver Twist", "Unclassified"
"Orgazmo", "Unclassified"
"PCU", "Unclassified"
"Phenomena", "Unclassified"
"Philadelphia Experiment, The", "Unclassified"
"Pinky and the Brain", "Animation"
"Plath, Sylvia", "Poet"
"Plop Goes the Weasel", "Cartoon"
"Point Break", "Unclassified"
"Poison Ivy", "Unclassified"
"Pound, Ezra", "Poet"
"Pressman Toy", "Commercial"
"Presumed Innocent", "Unclassified"
"Price, Vincent", "Actor"
"Princess Bride, The", "Unclassified"
"Producers, The", "Unclassified"
"Professionals, The", "Unclassified"
"Prophecy III: The Ascent", "Unclassified"
"Psychomania", "Unclassified"
"Rabid", "Unclassified"
"Radio Bikini", "Documentary"
"Raiders of the Lost Ark", "Unclassified"
"Rakowitz, Daniel", "Killer"
"Rambo III", "Unclassified"
"Rambo: First Blood Part II", "Unclassified"
"Ramirez, Richard", "Serial Killer"
"Rapture, The", "Unclassified"
"Red", "Unclassified"
"Red Dwarf", "TV Series"
"Red Menace", "Unclassified"
"Relentless IV: Ashes to Ashes", "Unclassified"
"Repossessed", "Unclassified"
"Requiem for a Dream", "Unclassified"
"Revenge", "Movie Trailer"
"Rice, Boyd", "Musician"
"Ring, The", "Unclassified"
"Robin Hood", "Unclassified"
"Rock Star", "Unclassified"
"Rocky Horror Picture Show, The", "Unclassified"
"Roger and Me", "Unclassified"
"Romeo + Juliet", "Unclassified"
"Room with a View, A", "Unclassified"
"Roosevelt, Franklin D.", "President"
"Rules of Engagement", "Unclassified"
"Salo o le 120 giornato di Sodoma", "Unclassified"
"Samurai X: Trust", "Animation"
"Sat.1 Frühstücksfernsehen", "TV Show"
"Satanic Rites of Dracula, The", "Unclassified"
"Savio, Mario", "Activist"
"Scared Straight", "TV"
"Scrooged", "Unclassified"
"Seconds", "Unclassified"
"Seduction: the Cruel Woman", "Unclassified"
"Session 9", "Unclassified"
"Shakes the Clown", "Unclassified"
"Shakespeare in Love", "Unclassified"
"Shawcross, Arthur", "Killer"
"Short Time", "Unclassified"
"Show Boat", "Unclassified"
"Shrimp on the Barbie, The", "Unclassified"
"Sid and Nancy", "Unclassified"
"Sightings", "TV Series"
"Silent Night, Bloody Night", "Unclassified"
"Simon & Garfunkel", "Artists"
"Simpson, O.J.", "Murder Suspect"
"Singles", "Unclassified"
"Sixth Sense, The", "TV-Series"
"Slam", "Unclassified"
"Slaughterhouse", "Unclassified"
"Sleeper", "Unclassified"
"Sleepstalker", "Unclassified"
"Sleepy Hollow", "Unclassified"
"Slumber Party Massacre, The", "Unclassified"
"Smokey and the Bandit", "Unclassified"
"Snatch", "Unclassified"
"Snow White and the Seven Dwarfs", "Unclassified"
"Sodom and Gomorrah", "Unclassified"
"Sopranos, The", "TV Series"
"Sorority Babes in the Slimeball...", "Unclassified"
"Soul Calibur", "Video Game"
"Sound of Music, The", "Unclassified"
"SpaceCamp", "Unclassified"
"Speed", "Unclassified"
"Splendor in the Grass", "Unclassified"
"Spongebob Squarepants", "TV Series"
"Springer, Jerry", "TV Show Host"
"St. John, Michael Alexander", "Announcer"
"Stalingrad", "Unclassified"
"Star Trek II: The Wrath of Khan", "Unclassified"
"Star Trek V: The Final Frontier", "Unclassified"
"Star Wars Holiday Special", "TV Show"
"Stepford Wives, The", "Unclassified"
"Stigmata", "Unclassified"
"Stoned Age, The", "Unclassified"
"Straight to Hell", "Unclassified"
"Sumner, Bernard", "Artist"
"Supergirl", "Unclassified"
"Superman", "Radio Show"
"Swamp Thing 2", "Unclassified"
"Sweet Bird of Youth", "Unclassified"
"Sweet Sweetback's Baadasssss Song", "Unclassified"
"Swindoll, Chuck", "Preacher"
"Swing Kids", "Unclassified"
"Sybil", "Unclassified"
"Tarzan", "TV Series"
"Teenage Exorcist", "Unclassified"
"Tennyson, Alfred Lord", "Poet"
"Terror of Mechagodzilla", "Unclassified"
"Tesis", "Unclassified"
"Texas Chainsaw Massacre III", "Unclassified"
"Thigh-Master", "Commercial"
"Three Days of the Condor", "Unclassified"
"Three on a Meathook", "Unclassified"
"Thunderbirds", "TV Show"
"Tonight Show, The", "TV Show"
"Trance", "Unclassified"
"Treasure of the Sierra Madre, The", "Unclassified"
"Tromeo and Juliet", "Unclassified"
"Trout, Robert", "Radio Speaker"
"Twonky, The", "Unclassified"
"U-571", "Unclassified"
"U2: Rattle and Hum", "Movie"
"UHF", "Unclassified"
"Under Siege", "Unclassified"
"Undertaker and His Pals, The", "Unclassified"
"Utvandrarna", "Unclassified"
"Vampire Hunter D", "Unclassified"
"Vanishing Point", "Unclassified"
"Vertigo", "Unclassified"
"Video Psychotherapy", "TV Show"
"Wahre Liebe", "TV Show"
"War Game, The", "Unclassified"
"Watson, Charles "Tex"", "Murderer"
"Wedding Singer, The", "Unclassified"
"Welch, Joseph", "Attorney"
"White Heat", "Unclassified"
"White Terror", "Documentary"
"Whore", "Unclassified"
"Wicker Man, The", "Unclassified"
"Wild Hare, A", "Cartoon"
"Williams, Robin", "Actor"
"Willow", "Unclassified"
"Wolfen", "Unclassified"
"X Files, The", "Unclassified"
"X: The Man with the X-Ray Eyes", "Unclassified"
"Year of the Dragon", "Unclassified"
"You'd Be Surprised", "Unclassified"
"Young and Innocent", "Unclassified"
"Young, Lloyd Lindsey", "Weatherman"
"Zardoz", "Unclassified"
"Zentropa", "Unclassified"
"Zimmermann, Herbert", "Radio Speaker"
"Awakening of the Beast", "Unclassified"
"Beast Wars: Transformers", "Animation"
"Begotten", "Unclassified"
"Blacula", "Unclassified"
"Blood on Satan's Claw", "Unclassified"
"Bridge on the River Kwai, The", "Unclassified"
"Cafe Flesh", "Unclassified"
"Cronos", "Unclassified"
"Curtains", "Unclassified"
"Division 4", "TV Series"
"Don't Go in the House", "Unclassified"
"Doom", "Computer Game"
"Doom II", "Computer Game"
"Duracell", "Commercial"
"Enter the Dragon", "Unclassified"
"Ghosthouse", "Unclassified"
"Legend of the Overfiend", "Animation"
"Lethal Weapon", "Unclassified"
"MechWarrior 2: 31st Century Combat", "Unclassified"
"One Million Years B.C.", "Unclassified"
"Pole Position", "Video Game"
"Robot Jox", "Unclassified"
"Santa Sangre", "Unclassified"
"Sisters", "Unclassified"
"Splatter House 3", "Video Game"
"Thunderball", "Unclassified"
"View to a Kill, A", "Unclassified"
"Watership Down", "Unclassified"
"Doc on the ROQ (KROQ-FM)", "Radio Show"
"West, Raphael Benjamin", "Mayor"
